barrels08,barrelsA08,charge120,charge240,city08,city08U,cityA08,cityA08U,cityCD,cityE,cityUF,co2,co2A,co2TailpipeAGpm,co2TailpipeGpm,comb08,comb08U,combA08,combA08U,combE,combinedCD,combinedUF,cylinders,displ,drive,engId,eng_dscr,feScore,fuelCost08,fuelCostA08,fuelType,fuelType1,ghgScore,ghgScoreA,highway08,highway08U,highwayA08,highwayA08U,highwayCD,highwayE,highwayUF,hlv,hpv,id,lv2,lv4,mpgData,phevBlended,pv2,pv4,range,rangeCity,rangeCityA,rangeHwy,rangeHwyA,trany,UCity,UCityA,UHighway,UHighwayA,make,model,VClass,year,Sales,youSaveSpend,tCharger,sCharger,atvType,fuelType2,rangeA,evMotor,mfrCode,c240Dscr,charge240b,c240bDscr,startStop,phevCity,phevHwy,phevComb
0.24,0,0,0,81,0,0,0,0,41,0,0,-1,0,0,85,0,0,0,40,0,0,,,,0,,-1,800,0,Electricity,Electricity,-1,-1,91,0,0,0,0,37,0,0,0,16423,0,0,N,FALSE,0,0,90,0,0,0,0,,116.2069,0,129.6154,0,Nissan,Altra EV,Midsize Station Wagons,2000,,2750,,,EV,,,62 KW AC Induction,,,0,,N,0,0,0
0.282,0,0,0,81,0,0,0,0,41,0,0,-1,0,0,72,0,0,0,47,0,0,,,2-Wheel Drive,0,,-1,900,0,Electricity,Electricity,-1,-1,64,0,0,0,0,53,0,0,0,16424,0,0,N,FALSE,0,0,88,0,0,0,0,,116.2069,0,91.0811,0,Toyota,RAV4 EV,Sport Utility Vehicle - 2WD,2000,,2250,,,EV,,,50 KW DC,,,0,,N,0,0,0
0.282,0,0,0,81,0,0,0,0,41,0,0,-1,0,0,72,0,0,0,47,0,0,,,2-Wheel Drive,0,,-1,900,0,Electricity,Electricity,-1,-1,64,0,0,0,0,53,0,0,0,17328,0,0,N,FALSE,0,0,88,0,0,0,0,,116.2069,0,91.0811,0,Toyota,RAV4 EV,Sport Utility Vehicle - 2WD,2001,,2250,,,EV,,,50 KW DC,,,0,,N,0,0,0
0.312,0,0,0,74,0,0,0,0,46,0,0,-1,0,0,65,0,0,0,52,0,0,,,,0,,-1,1000,0,Electricity,Electricity,-1,-1,58,0,0,0,0,59,0,0,0,17329,0,0,N,FALSE,0,0,29,0,0,0,0,,105.3125,0,82.1951,0,Ford,Th!nk,Two Seaters,2001,,1750,,,EV,,,27 KW AC Induction,,,0,,N,0,0,0
0.522,0,0,0,45,0,0,0,0,75,0,0,-1,0,0,39,0,0,0,87,0,0,,,2-Wheel Drive,0,,-1,1700,0,Electricity,Electricity,-1,-1,33,0,0,0,0,102,0,0,0,17330,0,0,N,FALSE,0,0,38,0,0,0,0,,62.4074,0,46.8056,0,Ford,Explorer USPS Electric,Sport Utility Vehicle - 2WD,2001,,-1750,,,EV,,,67 KW AC Induction,,,0,,N,0,0,0
0.27,0,0,0,84,0,0,0,0,40,0,0,-1,0,0,75,0,0,0,45,0,0,,,,0,,-1,900,0,Electricity,Electricity,-1,-1,66,0,0,0,0,51,0,0,0,17331,0,0,N,FALSE,0,0,33,0,0,0,0,,120.3571,0,93.6111,0,Nissan,Hyper-Mini,Two Seaters,2001,,2250,,,EV,,,24 KW AC Synchronous,,,0,,N,0,0,0
0.258,0,0,0,87,0,0,0,0,39,0,0,-1,0,0,78,0,0,0,43,0,0,,,2-Wheel Drive,0,,-1,850,0,Electricity,Electricity,-1,-1,69,0,0,0,0,49,0,0,0,18290,0,0,N,FALSE,0,0,95,0,0,0,0,,124.8148,0,99.1176,0,Toyota,RAV4 EV,Sport Utility Vehicle - 2WD,2002,,2500,,,EV,,,50 KW DC,,,0,,N,0,0,0
0.522,0,0,0,45,0,0,0,0,75,0,0,-1,0,0,39,0,0,0,87,0,0,,,2-Wheel Drive,0,,-1,1700,0,Electricity,Electricity,-1,-1,33,0,0,0,0,102,0,0,0,18291,0,0,N,FALSE,0,0,38,0,0,0,0,,62.4074,0,46.8056,0,Ford,Explorer USPS Electric,Sport Utility Vehicle - 2WD,2002,,-1750,,,EV,,,67 KW AC Induction,,,0,,N,0,0,0
0.258,0,0,0,87,0,0,0,0,39,0,0,-1,0,0,78,0,0,0,43,0,0,,,2-Wheel Drive,0,,-1,850,0,Electricity,Electricity,-1,-1,69,0,0,0,0,49,0,0,0,19296,0,0,N,FALSE,0,0,95,0,0,0,0,,124.8148,0,99.1176,0,Toyota,RAV4 EV,Sport Utility Vehicle - 2WD,2003,,2500,,,EV,,,50 KW DC,,,0,,N,0,0,0
0.348,0,0,0,62,0,0,0,0,54,0,0,-1,0,0,58,0,0,0,58,0,0,,,2-Wheel Drive,0,,-1,1150,0,Electricity,Electricity,-1,-1,54,0,0,0,0,63,0,0,0,30965,0,0,N,FALSE,0,0,50,0,0,0,0,Automatic (A1),88.6842,0,76.5909,0,Ford,Ranger Pickup 2WD,Standard Pickup Trucks 2WD,2001,,1000,,,EV,,,67 KW AC  Induction,,,0,,N,0,0,0
0.348,0,0,0,62,0,0,0,0,54,0,0,-1,0,0,58,0,0,0,58,0,0,,,2-Wheel Drive,0,Lead Acid,-1,1150,0,Electricity,Electricity,-1,-1,54,0,0,0,0,63,0,0,0,30966,0,0,N,FALSE,0,0,50,0,0,0,0,Automatic (A1),88.6842,0,76.5909,0,Ford,Ranger Pickup 2WD,Standard Pickup Trucks 2WD,2000,,1000,,,EV,,,67 KW AC,,,0,,N,0,0,0
0.36,0,0,0,59,0,0,0,0,57,0,0,-1,0,0,56,0,0,0,60,0,0,,,2-Wheel Drive,0,NiMH,-1,1150,0,Electricity,Electricity,-1,-1,52,0,0,0,0,64,0,0,0,30967,0,0,N,FALSE,0,0,65,0,0,0,0,Automatic (A1),84.25,0,74.8889,0,Ford,Ranger Pickup 2WD,Standard Pickup Trucks 2WD,2000,,1000,,,EV,,,67 KW AC,,,0,,N,0,0,0
0.24,0,0,0,79,0,0,0,0,43,0,0,-1,0,0,85,0,0,0,40,0,0,,,,0,Lead Acid,-1,800,0,Electricity,Electricity,-1,-1,94,0,0,0,0,36,0,0,0,30968,0,0,N,FALSE,0,0,55,0,0,0,0,Automatic (A1),112.3333,0,134.8,0,GMC,EV1,Two Seaters,1999,,2750,,,EV,,,102kW AC Induction,,,0,,N,0,0,0
0.546,0,0,0,35,0,0,0,0,96,0,0,-1,0,0,37,0,0,0,91,0,0,,,,0,NiMH,-1,1750,0,Electricity,Electricity,-1,-1,39,0,0,0,0,85,0,0,0,30969,0,0,N,FALSE,0,0,105,0,0,0,0,Automatic (A1),46.8056,0,56.1667,0,GMC,EV1,Two Seaters,1999,,-2000,,,EV,,,102kW AC Induction,,,0,,N,0,0,0
0.426,0,0,0,49,0,0,0,0,69,0,0,-1,0,0,48,0,0,0,71,0,0,,,,0,,-1,1400,0,Electricity,Electricity,-1,-1,46,0,0,0,0,73,0,0,0,30970,0,0,N,FALSE,0,0,81,0,0,0,0,Automatic (A1),68.7755,0,66.0784,0,Honda,EV Plus,Compact Cars,1999,,-250,,,EV,,,49kW DC Brushless,,,0,,N,0,0,0
0.348,0,0,0,62,0,0,0,0,54,0,0,-1,0,0,58,0,0,0,58,0,0,,,2-Wheel Drive,0,Lead Acid,-1,1150,0,Electricity,Electricity,-1,-1,54,0,0,0,0,63,0,0,0,30971,0,0,N,FALSE,0,0,50,0,0,0,0,Automatic (A1),88.6842,0,76.5909,0,Ford,Ranger Pickup 2WD,Standard Pickup Trucks 2WD,1999,,1000,,,EV,,,67 KW AC  Induction,,,0,,N,0,0,0
0.432,0,0,0,50,0,0,0,0,67,0,0,-1,0,0,47,0,0,0,72,0,0,,,2-Wheel Drive,0,NiMH,-1,1400,0,Electricity,Electricity,-1,-1,44,0,0,0,0,77,0,0,0,30972,0,0,N,FALSE,0,0,55,0,0,0,0,Automatic (A1),71.7021,0,62.4074,0,Ford,Ranger Pickup 2WD,Standard Pickup Trucks 2WD,1999,,-250,,,EV,,,67 KW AC,,,0,,N,0,0,0
0.576,0,0,0,37,0,0,0,0,90,0,0,-1,0,0,35,0,0,0,96,0,0,,,2-Wheel Drive,0,,-1,1850,0,Electricity,Electricity,-1,-1,33,0,0,0,0,103,0,0,0,30973,0,0,N,FALSE,0,0,70,0,0,0,0,Automatic (A1),50.2985,0,46.1644,0,Dodge,Caravan/Grand Caravan 2WD,Minivan - 2WD,1999,,-2500,,,EV,,,56kW AC Induction,,,0,,N,0,0,0
0.576,0,0,0,37,0,0,0,0,90,0,0,-1,0,0,35,0,0,0,96,0,0,,,Front-Wheel Drive,0,,-1,1850,0,Electricity,Electricity,-1,-1,33,0,0,0,0,103,0,0,0,30974,0,0,N,FALSE,0,0,70,0,0,0,0,Automatic (A1),50.2985,0,46.1644,0,Plymouth,Voyager/Grand Voyager 2WD,Minivan - 2WD,1999,,-2500,,,EV,,,56kW AC Induction,,,0,,N,0,0,0
0.426,0,0,0,49,0,0,0,0,69,0,0,-1,0,0,48,0,0,0,71,0,0,,,,0,,-1,1400,0,Electricity,Electricity,-1,-1,46,0,0,0,0,73,0,0,0,30975,0,0,N,FALSE,0,0,81,0,0,0,0,Automatic (A1),68.7755,0,66.0784,0,Honda,EV Plus,Compact Cars,1998,,-250,,,EV,,,49 kW DC Brushless,,,0,,N,0,0,0
0.372,0,0,0,52,0,0,0,0,64,0,0,-1,0,0,55,0,0,0,62,0,0,,,2-Wheel Drive,0,Lead Acid,-1,1200,0,Electricity,Electricity,-1,-1,58,0,0,0,0,59,0,0,0,30976,0,0,N,FALSE,0,0,33,0,0,0,0,Automatic (A1),74.8889,0,82.1951,0,Chevrolet,S10 Electric,Small Pickup Trucks 2WD,1998,,750,,,EV,,,85 kW AC Induction,,,0,,N,0,0,0
0.726,0,0,0,28,0,0,0,0,122,0,0,-1,0,0,28,0,0,0,121,0,0,,,2-Wheel Drive,0,NiMH,-1,2350,0,Electricity,Electricity,-1,-1,28,0,0,0,0,120,0,0,0,30977,0,0,N,FALSE,0,0,72,0,0,0,0,Automatic (A1),35.8511,0,39.186,0,Chevrolet,S10 Electric,Small Pickup Trucks 2WD,1998,,-5000,,,EV,,,85 kW AC Induction,,,0,,N,0,0,0
0.204,0,0,0,102,0,0,0,0,33,0,0,-1,0,0,98,0,0,0,34,0,0,,,,0,,-1,650,0,Electricity,Electricity,-1,-1,94,0,0,0,0,36,0,0,0,30978,0,0,N,FALSE,0,0,100,0,0,0,0,Automatic (A1),146.8499,0,133.6898,0,MINI,MiniE,Minicompact Cars,2008,,3500,,,EV,,,150 kW,,,0,,N,0,0,0
0.324,0,0,8,62,61.9,0,0,0,55,0,0,-1,0,0,62,62,0,0,54,0,0,,,Front-Wheel Drive,1,,-1,1050,0,Electricity,Electricity,-1,-1,62,62,0,0,0,54,0,0,0,31893,0,0,N,FALSE,0,0,56,56.7812,0,55.6759,0,Automatic (A1),88.4,0,88.6,0,Azure Dynamics,Transit Connect Electric Van,Special Purpose Vehicle 2WD,2012,,1500,,,EV,,,52 kW AC Induction,AZD,,0,,N,0,0,0
0.324,0,0,8,62,61.9,0,0,0,55,0,0,-1,0,0,62,62,0,0,54,0,0,,,Front-Wheel Drive,2,,-1,1050,0,Electricity,Electricity,-1,-1,62,62,0,0,0,54,0,0,0,31894,0,0,N,FALSE,0,0,56,56.7812,0,55.6759,0,Automatic (A1),88.4,0,88.6,0,Azure Dynamics,Transit Connect Electric Wagon,Special Purpose Vehicle 2WD,2012,,1500,,,EV,,,52 kW AC Induction,AZD,,0,,N,0,0,0
0.198,0,0,5,107,106.733,0,0,0,32,0,0,-1,0,0,102,101.822,0,0,33,0,0,,,Rear-Wheel Drive,100,,-1,650,0,Electricity,Electricity,-1,-1,96,96.4011,0,0,0,35,0,0,0,32276,6,0,N,FALSE,86,0,94,0,0,0,0,Automatic (A1),152.4758,0,137.7159,0,BMW,Active E,Subcompact Cars,2011,,3500,,,EV,,,125 kW AC Induction,BMX,,0,,N,0,0,0
0.162,0,0,4,137,137.48,0,0,0,25,0,0,-1,0,0,124,124.3601,0,0,27,0,0,,,Rear-Wheel Drive,100,,10,550,0,Electricity,Electricity,10,-1,111,111.37,0,0,0,30,0,0,0,35207,0,15,Y,FALSE,0,84,81,89,0,71.6,0,Automatic (A1),196.4,0,159.1,0,BMW,i3 BEV,Subcompact Cars,2014,6092,4000,,,EV,,,125 kW AC Induction,BMX,,0,,N,0,0,0
1.563190372,0.174,0,4,41,41.4544,127,127.093,0,27,0.849,40,-1,0,40,39,39.485,117,116.9364,29,0,0.834,2,0.6,Rear-Wheel Drive,101,PHEV,10,1100,550,Premium Gas or Electricity,Premium Gasoline,10,-1,37,37.318,107,106.531,0,32,0.813,0,0,35279,0,15,Y,FALSE,0,84,0,0,77.504,0,65.632,Automatic (A1),52.5,181.5609,52.2,152.1878,BMW,i3 REX,Subcompact Cars,2014,,3500,,,Plug-in Hybrid,Electricity,72,125kW,BMX,,0,,Y,97,79,88
7.356924278,4.336973684,0,2,28,28.1135,80,79.5972,0,45,0.3678,198,-1,0,198,28,28.4624,76,76.2018,43,0.1,0.3737,3,1.5,All-Wheel Drive,108,SIDI; PHEV,9,1550,0,Premium and Electricity,Premium Gasoline,10,-1,29,28.8888,72,72.4259,0.1865,41,0.3808,0,0,35599,5,0,N,TRUE,81,0,0,0,14.73,0,15.44,Automatic 6-spd,38.4,113.7102,46.4,103.4655,BMW,i8,Subcompact Cars,2014,555,500,T,,Plug-in Hybrid,Electricity,15,96kW,BMX,,0,,Y,37,38,37
0.162,0,0,4,137,137.48,0,0,0,25,0,0,-1,0,0,124,124.3601,0,0,27,0,0,,,Rear-Wheel Drive,100,,10,550,0,Electricity,Electricity,10,-1,111,111.37,0,0,0,30,0,0,0,36016,0,15,N,FALSE,0,84,81,89,0,71.6,0,Automatic (A1),196.4,0,159.1,0,BMW,i3 BEV,Subcompact Cars,2015,11024,4000,,,EV,,,125 kW AC Induction,BMX,,0,,N,0,0,0
1.563190372,0.174,0,4,41,41.4544,127,127.093,0,27,0.849,40,-1,0,40,39,39.485,117,116.9364,29,0,0.834,2,0.6,Rear-Wheel Drive,101,PHEV,10,1100,550,Premium Gas or Electricity,Premium Gasoline,10,-1,37,37.318,107,106.531,0,32,0.813,0,0,36030,0,15,N,FALSE,0,84,0,0,77.504,0,65.632,Automatic (A1),52.5,181.5609,52.2,152.1878,BMW,i3 REX,Subcompact Cars,2015,,3500,,,Plug-in Hybrid,Electricity,72,125kW,BMX,,0,,Y,97,79,88
7.356924278,4.336973684,0,2,28,28.1135,80,79.5972,0,45,0.3678,198,-1,0,198,28,28.4624,76,76.2018,43,0.1,0.3737,3,1.5,All-Wheel Drive,108,SIDI; PHEV,9,1550,0,Premium and Electricity,Premium Gasoline,10,-1,29,28.8888,72,72.4259,0.1865,41,0.3808,0,0,36031,5,0,N,TRUE,81,0,0,0,14.73,0,15.44,Automatic 6-spd,38.4,113.7102,46.4,103.4655,BMW,i8,Subcompact Cars,2015,2265,500,T,,Plug-in Hybrid,Electricity,15,96kW,BMX,,0,,Y,37,38,37
0.324,0,0,6,60,60.1785,0,0,0,56,0,0,-1,0,0,62,61.9394,0,0,54,0,0,,,Front-Wheel Drive,1,,-1,1050,0,Electricity,Electricity,-1,-1,64,64.2368,0,0,0,52,0,0,0,33383,0,0,N,FALSE,0,0,122,120.1,0,124.8,0,Automatic (A1),85.9694,0,91.7668,0,BYD,e6,Sport Utility Vehicle - 2WD,2012,,1500,,,EV,,,75 kW AC PMSM,BYD,,0,,N,0,0,0
0.324,0,0,6,61,61.32,0,0,0,55,0,0,-1,0,0,63,62.9357,0,0,54,0,0,,,Front-Wheel Drive,1,,10,1050,0,Electricity,Electricity,10,-1,65,65.03,0,0,0,52,0,0,0,34859,0,0,N,FALSE,0,0,127,121.1,0,133.9,0,Automatic (A1),87.6,0,92.9,0,BYD,e6,Small Sport Utility Vehicle 2WD,2014,,1500,,,EV,,,75 kW AC PMSM,BYD,,0,,N,0,0,0
0.324,0,0,6,61,61.32,0,0,0,55,0,0,-1,0,0,63,62.9357,0,0,54,0,0,,,Front-Wheel Drive,1,,10,1050,0,Electricity,Electricity,10,-1,65,65.03,0,0,0,52,0,0,0,34860,0,0,N,FALSE,0,0,127,121.1,0,133.9,0,Automatic (A1),87.6,0,92.9,0,BYD,e6,Small Sport Utility Vehicle 2WD,2013,,1500,,,EV,,,75 kW AC PMSM,BYD,,0,,N,0,0,0
3.614241816,0.246,0,5,31,31,85,85,0,39,0.67,91,-1,0,91,33,33,82,82,41,0,0.65,4,1.4,Front-Wheel Drive,401,PHEV,10,1300,800,Premium Gas or Electricity,Premium Gasoline,10,-1,35,35,80,80,0,42,0.64,0,0,34770,11,0,Y,FALSE,83,0,0,0,38.46,0,35.05,Automatic (variable gear ratios),47.6,144.9,53.5,133.3,Cadillac,ELR,Subcompact Cars,2014,1310,2000,,,Plug-in Hybrid,Electricity,37,126 kW,GMX,,0,,Y,54,55,54
3.614241816,0.246,0,5,31,31,85,85,0,39,0.67,91,-1,0,91,33,33,82,82,41,0,0.65,4,1.4,Front-Wheel Drive,46,PHEV,10,1300,800,Premium Gas or Electricity,Premium Gasoline,10,-1,35,35,80,80,0,42,0.64,0,0,35317,11,0,N,FALSE,83,0,0,0,38.46,0,35.05,Automatic (variable gear ratios),47.6,144.9,53.5,133.3,Cadillac,ELR,Subcompact Cars,2015,1024,2000,,,Plug-in Hybrid,Electricity,37,126 kW 3-Phase AC,GMX,,0,,Y,54,55,54
3.375621482,0.216,0,4,35,0,95,0,0,36,0.64,84,-1,0,84,37,0,93,0,36,0,0.64,4,1.4,Front-Wheel Drive,0,PHEV,-1,1150,700,Premium Gas or Electricity,Premium Gasoline,-1,-1,40,0,90,0,0,37,0.63,18,90,30980,0,0,Y,FALSE,0,0,0,0,36,0,35,Automatic (variable gear ratios),45.4121,135.1,52.7496,132.7,Chevrolet,Volt,Compact Cars,2011,7671,2500,,,Plug-in Hybrid,Electricity,35,111 kW,,,0,,Y,58,62,60
3.375621482,0.216,0,4,35,34.8879,95,94.51,0,36,0.64,87,-1,0,87,37,36.8746,94,93.8,36,0,0.64,4,1.4,Front-Wheel Drive,32,PHEV,-1,1150,700,Premium Gas or Electricity,Premium Gasoline,-1,-1,40,39.6331,93,92.9,0,37,0.63,18,90,31618,0,0,Y,FALSE,0,0,0,0,36,0,35,Automatic (variable gear ratios),47.5,135,53.6,132.7,Chevrolet,Volt,Compact Cars,2012,23461,2500,,,Plug-in Hybrid,Electricity,35,111 kW,GMX,,0,,Y,58,62,60
3.092538804,0.21,0,4,35,34.9,101,101.43,0,33,0.68,81,-1,0,81,37,36.9,98,97.77,35,0,0.66,4,1.4,Front-Wheel Drive,147,PHEV,10,1150,700,Premium Gas or Electricity,Premium Gasoline,10,-1,40,39.7,93,93.3,0,36,0.65,18,90,32655,0,0,Y,FALSE,0,0,0,0,39.9196,0,36.302,Automatic (variable gear ratios),47.6,144.9,53.5,133.3,Chevrolet,Volt,Compact Cars,2013,23094,2500,,,Plug-in Hybrid,Electricity,38,111 kW,GMX,,0,,Y,63,61,62
0.168,0,0,7,128,128.2,0,0,0,26,0,0,-1,0,0,119,118.9,0,0,28,0,0,,,Front-Wheel Drive,110,,10,550,0,Electricity,Electricity,10,-1,109,109.2,0,0,0,31,0,0,0,33640,0,11,Y,FALSE,0,86,82,87.8,0,74.8,0,Automatic (A1),183.2,0,156,0,Chevrolet,Spark EV,Subcompact Cars,2014,1145,4000,,,EV,,,104 kW AC Induction,GMX,,0,,N,0,0,0
3.092538804,0.21,0,4,35,34.9,101,101.43,0,33,0.68,81,-1,0,81,37,36.9,98,97.77,35,0,0.66,4,1.4,Front-Wheel Drive,402,PHEV,10,1150,700,Premium Gas or Electricity,Premium Gasoline,10,-1,40,39.7,93,93.3,0,36,0.65,18,90,33900,0,0,Y,FALSE,0,0,0,0,39.9196,0,36.302,Automatic (variable gear ratios),47.6,144.9,53.5,133.3,Chevrolet,Volt,Compact Cars,2014,18805,2500,,,Plug-in Hybrid,Electricity,38,111 kW,GMX,,0,,Y,63,61,62
0.168,0,0,7,128,128.2,0,0,0,26.2638,0,0,-1,0,0,119,118.9,0,0,28.3449,0,0,,,Front-Wheel Drive,55,,10,550,0,Electricity,Electricity,10,-1,109,109.2,0,0,0,30.8654,0,0,0,35120,0,11,N,FALSE,0,86,82,87.8,0,74.8,0,Automatic (A1),183.2,0,156,0,Chevrolet,Spark EV,Subcompact Cars,2015,2629,4000,,,EV,,,104 kW ACPM,GMX,,0,,N,0,0,0
3.092538804,0.21,0,4,35,34.9,101,101.43,0,33,0.68,81,-1,0,81,37,36.9,98,97.77,35,0,0.66,4,1.4,Front-Wheel Drive,47,PHEV,10,1150,700,Premium Gas or Electricity,Premium Gasoline,10,-1,40,39.7,93,93.3,0,36,0.65,18,90,35246,0,0,Y,FALSE,0,0,0,0,39.9196,0,36.302,Automatic (variable gear ratios),47.6,144.9,53.5,133.3,Chevrolet,Volt,Compact Cars,2015,15393,2500,,,Plug-in Hybrid,Electricity,38,111 kW 3-Phase AC,GMX,,0,,Y,63,61,62
0.276,0,0,6,77,77.2,0,0,0,44,0,0,-1,0,0,73,72.7,0,0,46,0,0,,,Front-Wheel Drive,1,,-1,900,0,Electricity,Electricity,-1,-1,68,67.9,0,0,0,50,0,0,0,32277,0,14,N,FALSE,0,72,88,93.555,0,93.555,0,Automatic (A1),110.3,0,97,0,CODA Automotive,CODA,Subcompact Cars,2012,,2250,,,EV,,,100 kW DCPM,CDA,,0,,N,0,0,0
0.276,0,0,6,77,77.2,0,0,0,44,0,0,-1,0,0,73,72.7,0,0,46,0,0,,,Front-Wheel Drive,1,,10,900,0,Electricity,Electricity,10,-1,68,67.9,0,0,0,50,0,0,0,33337,0,14,N,FALSE,0,72,88,93.555,0,81.298,0,Automatic (A1),110.3,0,97,0,CODA Automotive,CODA,Subcompact Cars,2013,,2250,,,EV,,,100 kW DCPM,CDA,,0,,N,0,0,0
0.174,0,0,4,122,122.4,0,0,0,28,0,0,-1,0,0,116,115.974,0,0,29,0,0,,,Front-Wheel Drive,738,,10,550,0,Electricity,Electricity,10,-1,108,108.1,0,0,0,31,0,7,76,33396,0,0,Y,FALSE,0,0,87,91.84,0,81.48,0,Automatic (A1),174.8555,0,154.4591,0,Fiat,500e,Minicompact Cars,2013,1265,4000,,,EV,,,82 kW ACIPM,CRX,,0,,N,0,0,0
0.174,0,0,4,122,122.4,0,0,0,28,0,0,-1,0,0,116,115.974,0,0,29,0,0,,,Front-Wheel Drive,339,,10,550,0,Electricity,Electricity,10,-1,108,108.1,0,0,0,31,0,7,72,34392,0,0,N,FALSE,0,0,87,91.84,0,81.48,0,Automatic (A1),174.8555,0,154.4591,0,Fiat,500e,Minicompact Cars,2014,4894,4000,,,EV,,,82 kW ACIPM,CRX,,0,,N,0,0,0
0.174,0,0,4,122,122.4,0,0,0,27.537,0,0,-1,0,0,116,115.974,0,0,29.1733,0,0,,,Front-Wheel Drive,38,,10,550,0,Electricity,Electricity,10,-1,108,108.1,0,0,0,31.1733,0,7,72,35206,0,0,Y,FALSE,0,0,87,91.84,0,81.48,0,Automatic (A1),174.8555,0,154.4591,0,Fiat,500e,Minicompact Cars,2015,2801,4000,,,EV,,,82 kW AC Induction,CRX,,0,,N,0,0,0
6.359254843,0.372,0,6,20,19.7,55,54.6,0,61.7,0.62,169,-1,0,169,20,20.4572,54,54.3,62.1,0,0.62,4,2,Rear-Wheel Drive,1,PHEV,-1,2150,1200,Premium Gas or Electricity,Premium Gasoline,-1,-1,21,21.4,54,53.9,0,62.5,0.62,0,0,32516,0,7,Y,FALSE,0,89,0,0,33.7533,0,32.886,Automatic (A1),24.896,78,29.62,77,Fisker,Karma,Subcompact Cars,2012,,-1000,T,,Plug-in Hybrid,Electricity,33,2 @ 150 kw (300 kw),FSK,,0,,Y,33,34,33
0.192,0,0,4,110,110.048,0,0,0,31,0,0,-1,0,0,105,104.758,0,0,32,0,0,,,Front-Wheel Drive,300,,-1,600,0,Electricity,Electricity,-1,-1,99,98.9461,0,0,0,34,0,14,90,32278,0,0,N,FALSE,0,0,76,79.7573,0,71.5259,0,Automatic (variable gear ratios),157.2,0,141.4,0,Ford,Focus Electric,Compact Cars,2012,685,3750,,,EV,,,107 kW AC Induction,FMX,,0,,N,0,0,0
0.192,0,0,4,110,110.048,0,0,0,31,0,0,-1,0,0,105,104.7587,0,0,32,0,0,,,Front-Wheel Drive,242,,10,600,0,Electricity,Electricity,10,-1,99,98.9461,0,0,0,34,0,14,90,33024,0,0,Y,FALSE,0,0,76,79.7573,0,71.5259,0,Automatic (A1),157.2114,0,141.3516,0,Ford,Focus Electric,Compact Cars,2013,1738,3750,,,EV,,,107 kW AC PMSM,FMX,,0,,N,0,0,0
4.878703541,3.745568182,0,2.5,40,40.4488,95,94.5114,0,34,0.4781,129,-1,0,129,38,38.4528,88,87.5757,37,0,0.4506,4,2,Front-Wheel Drive,149,PHEV,10,950,0,Regular Gas and Electricity,Regular Gasoline,10,-1,36,36.2655,81,81.449,0,42,0.4144,0,0,33336,0,19,Y,TRUE,0,100,0,0,21.4,0,17.4,Automatic (variable gear ratios),55,135.0163,51.4,115.6155,Ford,C-MAX Energi Plug-in Hybrid,Midsize Cars,2013,7154,2500,,,Plug-in Hybrid,Electricity,20,68 kW,FMX,,0,,Y,55,46,51
4.878703541,3.745568182,0,2.5,40,40.4488,95,94.5114,0,34,0.4781,129,-1,0,129,38,38.4528,88,87.5757,37,0,0.4506,4,2,Front-Wheel Drive,271,PHEV,10,950,0,Regular Gas and Electricity,Regular Gasoline,10,-1,36,36.2655,81,81.449,0,42,0.4144,0,0,33398,0,8,Y,TRUE,0,103,0,0,21.4,0,17.4,Automatic (variable gear ratios),55,135.0163,51.4,115.6155,Ford,Fusion Energi Plug-in Hybrid,Midsize Cars,2013,6089,2500,,,Plug-in Hybrid,Electricity,20,68 kW,FMX,,0,,Y,55,46,51
4.878703541,3.745568182,0,2.5,40,40.4488,95,94.5114,0,34,0.4781,129,-1,0,129,38,38.4528,88,87.5757,37,0,0.4506,4,2,Front-Wheel Drive,316,PHEV,10,950,0,Regular Gas and Electricity,Regular Gasoline,10,-1,36,36.2655,81,81.449,0,42,0.4144,0,0,34089,0,8,Y,TRUE,0,103,0,0,21.4,0,17.4,Automatic (variable gear ratios),55,135.0163,51.4,115.6155,Ford,Fusion Energi Plug-in Hybrid,Midsize Cars,2014,11488,2500,,,Plug-in Hybrid,Electricity,20,68 kW,FMX,,0,,Y,55,46,51
0.192,0,0,3.6,110,110.048,0,0,0,31,0,0,-1,0,0,105,104.7587,0,0,32,0,0,,,Front-Wheel Drive,422,,10,600,0,Electricity,Electricity,10,-1,99,98.9461,0,0,0,34,0,14,90,34130,0,0,Y,FALSE,0,0,76,79.7573,0,71.5259,0,Automatic (A1),157.2114,0,141.3516,0,Ford,Focus Electric,Compact Cars,2014,1964,3750,,,EV,,,107 kW AC PMSM,FMX,,0,,N,0,0,0
4.878703541,3.745568182,0,2.5,40,40.4488,95,94.5114,0,34,0.4781,129,-1,0,129,38,38.4528,88,87.5757,37,0,0.4506,4,2,Front-Wheel Drive,320,PHEV,10,950,0,Regular Gas and Electricity,Regular Gasoline,10,-1,36,36.2655,81,81.449,0,42,0.4144,0,0,34662,0,19,Y,TRUE,0,100,0,0,21.4,0,17.4,Automatic (variable gear ratios),55,135.0163,51.4,115.6155,Ford,C-MAX Energi Plug-in Hybrid,Midsize Cars,2014,8515,2500,,,Plug-in Hybrid,Electricity,20,68 kW,FMX,,0,,Y,55,46,51
4.878703541,3.745568182,0,2.5,40,40.4488,95,94.5114,0,34,0.4781,129,-1,0,129,38,38.4528,88,87.5757,37,0,0.4506,4,2,Front-Wheel Drive,141,PHEV,10,950,0,Regular Gas and Electricity,Regular Gasoline,10,-1,36,36.2655,81,81.449,0,42,0.4144,0,0,35277,0,8,Y,TRUE,0,103,0,0,21.4,0,17.4,Automatic (variable gear ratios),55,135.0163,51.4,115.6155,Ford,Fusion Energi Plug-in Hybrid,Midsize Cars,2015,9750,2500,,,Plug-in Hybrid,Electricity,20,68 kW DCPM,FMX,,0,,Y,55,46,51
4.878703541,3.745568182,0,2.5,40,40.4488,95,94.5114,0,34,0.4781,129,-1,0,129,38,38.4528,88,87.5757,37,0,0.4506,4,2,Front-Wheel Drive,142,PHEV,10,950,0,Regular Gas and Electricity,Regular Gasoline,10,-1,36,36.2655,81,81.449,0,42,0.4144,0,0,35765,0,19,Y,TRUE,0,100,0,0,21.4,0,17.4,Automatic (variable gear ratios),55,135.0163,51.4,115.6155,Ford,C-MAX Energi Plug-in Hybrid,Midsize Cars,2015,8275,2500,,,Plug-in Hybrid,Electricity,20,68 kW DCPM,FMX,,0,,Y,55,46,51
0.192,0,0,3.6,110,110.04,0,0,0,31,0,0,-1,0,0,105,104.7718,0,0,32,0,0,,,Front-Wheel Drive,116,,10,600,0,Electricity,Electricity,10,-1,99,98.98,0,0,0,34,0,14,90,35970,0,0,Y,FALSE,0,0,76,79.7573,0,71.5259,0,Automatic (A1),157.2,0,141.4,0,Ford,Focus Electric,Compact Cars,2015,1582,3750,,,EV,,,107 kW AC PMSM,FMX,,0,,N,0,0,0
0.174,0,0,4,132,131.8861,0,0,0,26,0,0,-1,0,0,118,118.142,0,0,29,0,0,,,Front-Wheel Drive,6,,10,550,0,Electricity,Electricity,10,-1,105,104.7943,0,0,0,32,0,0,0,33265,0,21,Y,FALSE,0,91,82,89.81,0,73.56,0,Automatic (A1),188.4087,0,149.7062,0,Honda,Fit EV,Small Station Wagons,2013,569,4000,,,EV,,,92 kW DCPM,HNX,,0,,N,0,0,0
4.827656777,2.866173913,0,0.67,47,46.6172,124,124.0132,0,27,0.34,130,-1,0,130,46,46.134,115,114.7045,29,0,0.33,4,2,Front-Wheel Drive,2,PHEV,10,750,0,Regular Gas and Electricity,Regular Gasoline,10,-1,46,45.5569,105,105.0654,0,32,0.31,0,0,33557,0,9,Y,TRUE,0,103,0,0,14,0,11.7,Automatic (variable gear ratios),64.8901,177.1617,65.4497,150.0935,Honda,Accord Plug-in Hybrid,Midsize Cars,2014,443,3250,,,Plug-in Hybrid,Electricity,13,124 kW,HNX,,0,,Y,59,55,57
0.174,0,0,4,132,131.8861,0,0,0,26,0,0,-1,0,0,118,118.142,0,0,29,0,0,,,Front-Wheel Drive,11,,10,550,0,Electricity,Electricity,10,-1,105,104.7943,0,0,0,32,0,0,0,33905,0,21,N,FALSE,0,91,82,89.81,0,73.56,0,Automatic (A1),188.4087,0,149.7062,0,Honda,Fit EV,Small Station Wagons,2014,405,4000,,,EV,,,92 kW DCPM,HNX,,0,,N,0,0,0
0.192,0,0,4,120,119.6,0,0,0,28.1744,0,0,-1,0,0,105,105.3754,0,0,31.9856,0,0,,,Front-Wheel Drive,34,,10,600,0,Electricity,Electricity,10,-1,92,92,0,0,0,36.6438,0,0,0,35601,0,19,N,FALSE,0,97,93,103.6,0,79.7,0,Automatic (A1),170.9,0,131.4,0,Kia,Soul Electric,Small Station Wagons,2015,1015,3750,,,EV,,,81 kW AC PMSM,KMX,,0,,N,0,0,0
10.79436611,18.31166667,0,3,16,15.5628,16,16.4091,5.35,25,0.434,463,-1,0,463,17,17.4178,18,18.113,25,4.8,0.427,8,3.8,Rear-Wheel Drive,3,PHEV,3,2500,0,Premium and Electricity,Premium Gasoline,4,-1,20,20.388,21,20.7458,4.06,26,0.418,0,0,35600,0,0,N,TRUE,0,0,0,0,19.12,0,18.3,Automatic 7-spd,19.359,20.4632,28.25,28.7536,McLaren Automotive,P1,Two Seaters,2014,,-5750,T,,Plug-in Hybrid,Electricity,19,132kW,MLN,,0,,Y,15,20,17
10.79436611,18.31166667,0,3,16,15.5628,16,16.4091,5.35,25,0.434,463,-1,0,463,17,17.4178,18,18.113,25,4.8,0.427,8,3.8,Rear-Wheel Drive,3,PHEV,4,2500,0,Premium and Electricity,Premium Gasoline,4,-1,20,20.388,21,20.7458,4.06,26,0.418,0,0,35652,0,0,N,TRUE,0,0,0,0,19.12,0,18.3,Automatic 7-spd,19.359,20.4632,28.25,28.7536,McLaren Automotive,P1,Two Seaters,2015,,-5750,T,,Plug-in Hybrid,Electricity,19,132 kW AC Synchronous,MLN,,0,,Y,15,20,17
0.24,0,0,3.5,85,84.56,0,0,0,40,0,0,-1,0,0,84,83.7634,0,0,40,0,0,,,Front-Wheel Drive,504,,10,800,0,Electricity,Electricity,10,-1,83,82.81,0,0,0,41,0,0,0,35247,0,22,N,FALSE,0,90,87,88.5,0,86.2,0,Automatic (A1),120.8,0,118.3,0,Mercedes-Benz,B-Class Electric Drive,Midsize Cars,2014,774,2750,,,EV,,,132 kW AC Induction,MBX,,0,,N,0,0,0
0.24,0,0,3.5,85,85.4,0,0,0,39,0,0,-1,0,0,84,83.7887,0,0,40,0,0,,,Front-Wheel Drive,504,SIDI,10,800,0,Electricity,Electricity,10,-1,82,81.9,0,0,0,41,0,0,0,35960,0,22,N,FALSE,0,90,87,89,0,85,0,Automatic (A1),122,0,117,0,Mercedes-Benz,B-Class Electric Drive,Midsize Cars,2015,1906,2750,,,EV,,,132 kW AC Induction,MBX,,0,,N,0,0,0
8.246834738,5.682931034,0,2.75,24,23.6,54,54.1,0,63,0.337,227,-1,0,227,26,26.1402,58,57.6969,59,0,0.352,6,3,Rear-Wheel Drive,201,SIDI; PHEV,8,1650,0,Premium and Electricity,Premium Gasoline,9,-1,30,30.1,63,62.8,0,54,0.37,0,0,36515,0,9,N,TRUE,0,112,0,0,13.13,0,14.88,Automatic 7-spd,30.2,75.79,42.2,89.65,Mercedes-Benz,S550e,Large Cars,2015,,-500,T,,Plug-in Hybrid,Electricity,14,85 kW DCPM,MBX,,0,,Y,28,36,31
0.18,0,0,7,126,126.4,0,0,0,27,0,0,-1,0,0,112,112.2,0,0,30,0,0,,,Rear-Wheel Drive,141,,-1,600,0,Electricity,Electricity,-1,-1,99,98.7,0,0,0,34,0,13,85,31673,0,0,Y,FALSE,0,0,62,68.5545,0,54.8184,0,Automatic (A1),180.5,0,141,0,Mitsubishi,i-MiEV,Subcompact Cars,2012,588,3750,,,EV,,,49 kW DCPM,MTX,,0,,N,0,0,0
0.18,0,0,7,126,126.3678,0,0,0,27,0,0,-1,0,0,112,112.2077,0,0,30,0,0,,,Rear-Wheel Drive,141,,10,600,0,Electricity,Electricity,10,-1,99,98.6914,0,0,0,34,0,13,85,33358,0,0,N,FALSE,0,0,62,68.5545,0,54.8184,0,Automatic (A1),180.5254,0,140.9876,0,Mitsubishi,i-MiEV,Subcompact Cars,2013,1029,3750,,,EV,,,49 kW DCPM,MTX,,0,,N,0,0,0
0.18,0,0,7,126,126.3678,0,0,0,27,0,0,-1,0,0,112,112.2077,0,0,30,0,0,,,Rear-Wheel Drive,141,,10,600,0,Electricity,Electricity,10,-1,99,98.6914,0,0,0,34,0,13,85,34901,0,0,Y,FALSE,0,0,62,68.5545,0,54.8184,0,Automatic (A1),180.5254,0,140.9876,0,Mitsubishi,i-MiEV,Subcompact Cars,2014,196,3750,,,EV,,,49 kW DCPM,MTX,,0,,N,0,0,0
0.18,0,0,8,126,126.4612,0,0,0,26.6482,0,0,-1,0,0,114,113.7816,0,0,29.6225,0,0,,,Front-Wheel Drive,901,,10,600,0,Electricity,Electricity,10,-1,101,101.3602,0,0,0,33.2577,0,24,92,34918,0,0,Y,FALSE,0,0,84,92,0,74,0,Automatic (A1),180.6589,0,144.8003,0,Nissan,Leaf,Midsize Cars,2015,17269,3750,,,EV,,,80 kW DCPM,NSX,3.6 kW charger,5,6.6 kW charger,N,0,0,0
0.18,0,0,8,126,126.4649,0,0,0,27,0,0,-1,0,0,114,113.7879,0,0,30,0,0,,,Front-Wheel Drive,901,,10,600,0,Electricity,Electricity,10,-1,101,101.3686,0,0,0,33,0,24,92,34699,0,0,Y,FALSE,0,0,84,92,0,74,0,Automatic (A1),180.6641,0,144.8123,0,Nissan,Leaf,Midsize Cars,2014,30200,3750,,,EV,,,80 kW DCPM,NSX,3.6 kW charger,5,6.6 kW charger,N,0,0,0
0.174,0,0,7,129,128.9217,0,0,0,26,0,0,-1,0,0,115,115.4934,0,0,29,0,0,,,Front-Wheel Drive,901,,10,550,0,Electricity,Electricity,10,-1,102,102.451,0,0,0,33,0,24,92,33558,0,0,Y,FALSE,0,0,75,82,0,65.6,0,Automatic (A1),184.1738,0,146.3586,0,Nissan,Leaf,Midsize Cars,2013,22610,4000,,,EV,,,80 kW DCPM,NSX,3.6 kW charger,4,6.6 kW charger,N,0,0,0
0.204,0,0,7,106,0,0,0,0,32,0,0,-1,0,0,99,0,0,0,34,0,0,,,Front-Wheel Drive,901,,-1,650,0,Electricity,Electricity,-1,-1,92,0,0,0,0,37,0,23,90,32154,0,0,Y,FALSE,0,0,73,77.165,0,67.316,0,Automatic (A1),151.5,0,131.3,0,Nissan,Leaf,Midsize Cars,2012,9819,3500,,,EV,,,80 kW DCPM,NSX,,0,,N,0,0,0
0.204,0,0,7,106,0,0,0,0,32,0,0,-1,0,0,99,0,0,0,34,0,0,,,Front-Wheel Drive,0,,-1,650,0,Electricity,Electricity,-1,-1,92,0,0,0,0,37,0,23,90,30979,0,0,Y,FALSE,0,0,73,0,0,0,0,Automatic (A1),151.5,0,131.3,0,Nissan,Leaf,Midsize Cars,2011,9674,3500,,,EV,,,80 kW DCPM,,,0,,N,0,0,0
8.099619256,6.5922,0,3,23,22.6723,42,41.6362,0.87,53,0.39,206,-1,0,206,25,25.2387,50,49.9705,52,0.5,0.39,6,3,Rear-Wheel Drive,641,PHEV,8,1700,0,Premium and Electricity,Premium Gasoline,9,-1,29,29.2912,66,66.1553,0.03,51,0.38,0,0,34789,0,16,N,TRUE,0,108,0,0,16.01,0,15.6,Automatic (AM-S8),28.9,59.5,41.1,94.5,Porsche,Panamera S E-Hybrid,Large Cars,2014,861,-750,,S,Plug-in Hybrid,Electricity,16,70 kW,PRX,,0,,Y,28,36,31
10.40295132,0.3,0,3,20,20.4,68,68.266,0,49,0.3339,277,-1,0,277,22,21.7,67,67.3824,50,0,0.3229,8,4.6,All-Wheel Drive,541,PHEV,7,1950,1000,Premium Gas or Electricity,Premium Gasoline,8,-1,24,23.5,66,66.333,0,51,0.3093,0,0,34856,0,0,N,FALSE,0,0,0,0,12.97,0,11.76,Automatic (AM-S7),28.6,97.6956,34.3,94.9437,Porsche,918 Spyder,Two Seaters,2015,203,-1500,,,Plug-in Hybrid,Electricity,12,95 kW and 116 kW DC Brushless,PRX,,0,,Y,26,29,28
8.076981364,6.5922,0,3,23,22.7,42,41.6,0.8667,53,0.391,229,-1,0,229,25,25.2605,50,50,52,0.5,0.387,6,3,Rear-Wheel Drive,641,SIDI; PHEV,8,1700,0,Premium and Electricity,Premium Gasoline,9,-1,29,29.3,66,66.1,3.00E-04,51,0.383,0,0,35278,0,16,Y,TRUE,0,108,0,0,16.01,0,15.58,Automatic (AM-S8),28.9,59.5,41.1,94.5,Porsche,Panamera S E-Hybrid,Large Cars,2015,407,-750,,S,Plug-in Hybrid,Electricity,16,70 kW DC Brushless,PRX,,0,,Y,28,36,31
9.53202747,0.414,0,3,21,20.8,48,47.9,0,70,0.371,260,-1,0,260,22,22.1,47,47,69,0,0.366,6,3,All-Wheel Drive,441,SIDI; PHEV,7,1950,1350,Premium Gas or Electricity,Premium Gasoline,8,-1,24,24.1,46,46.4,0,69,0.361,0,0,35896,0,0,Y,FALSE,0,0,0,0,14.27,0,13.92,Automatic (AM8),26.3,65.5,33.5,66.2,Porsche,Cayenne S e-Hybrid,Standard Sport Utility Vehicle 4WD,2015,1120,-1750,,S,Plug-in Hybrid,Electricity,14,70 kW DC Brushless,PRX,,0,,Y,25,28,27
0.168,0,0,4,138,138.304,0,0,0,24,0,0,-1,0,0,121,120.913,0,0,28,0,0,,,Front-Wheel Drive,21,,10,550,0,Electricity,Electricity,10,-1,105,104.8056,0,0,0,32,0,4,73,33307,0,0,N,FALSE,0,0,38,42.4,0,31.62,0,Automatic (variable gear ratios),197.5771,0,149.7223,0,Scion,iQ EV,Minicompact Cars,2013,,4000,,,EV,,,,TYX,,0,,N,0,0,0
0.234,0,0,8,94,0,0,0,0,36,0,0,-1,0,0,87,0,0,0,39,0,0,,,Rear-Wheel Drive,705,,-1,750,0,Electricity,Electricity,-1,-1,79,0,0,0,0,43,0,0,0,31064,0,0,N,FALSE,0,0,63,0,0,0,0,Automatic (A1),134.627,0,112.906,0,smart,fortwo electric drive cabriolet,Two Seaters,2011,,3000,,,EV,,,30 kW DCPM,,,0,,N,0,0,0
0.234,0,0,8,94,0,0,0,0,36,0,0,-1,0,0,87,0,0,0,39,0,0,,,Rear-Wheel Drive,704,,-1,750,0,Electricity,Electricity,-1,-1,79,0,0,0,0,43,0,0,0,31065,0,0,N,FALSE,0,0,63,0,0,0,0,Automatic (A1),134.627,0,112.906,0,smart,fortwo electric drive coupe,Two Seaters,2011,,3000,,,EV,,,30 kW DCPM,,,0,,N,0,0,0
0.192,0,0,6,122,121.66,0,0,0,28,0,0,-1,0,0,107,106.9856,0,0,32,0,0,,,Rear-Wheel Drive,705,,10,600,0,Electricity,Electricity,10,-1,93,93.24,0,0,0,36,0,0,0,33305,0,0,N,FALSE,0,0,68,75.81,0,59.09,0,Automatic (A1),173.8,0,133.2,0,smart,fortwo electric drive convertible,Two Seaters,2013,903,3750,,,EV,,,55 kW DCPM,MBX,,0,,N,0,0,0
0.192,0,0,6,122,121.66,0,0,0,28,0,0,-1,0,0,107,106.9856,0,0,32,0,0,,,Rear-Wheel Drive,704,,10,600,0,Electricity,Electricity,10,-1,93,93.24,0,0,0,36,0,0,0,33306,0,0,Y,FALSE,0,0,68,75.81,0,59.09,0,Automatic (A1),173.8,0,133.2,0,smart,fortwo electric drive coupe,Two Seaters,2013,,3750,,,EV,,,55 kW DCPM,MBX,,0,,N,0,0,0
0.192,0,0,6,122,121.66,0,0,0,28,0,0,-1,0,0,107,106.9856,0,0,32,0,0,,,Rear-Wheel Drive,705,,10,600,0,Electricity,Electricity,10,-1,93,93.24,0,0,0,36,0,0,0,34393,0,0,N,FALSE,0,0,68,76,0,59,0,Automatic (A1),173.8,0,133.2,0,smart,fortwo electric drive convertible,Two Seaters,2014,2594,3750,,,EV,,,55 kW DCPM,MBX,,0,,N,0,0,0
0.192,0,0,6,122,121.66,0,0,0,28,0,0,-1,0,0,107,106.9856,0,0,32,0,0,,,Rear-Wheel Drive,704,,10,600,0,Electricity,Electricity,10,-1,93,93.24,0,0,0,36,0,0,0,34394,0,0,N,FALSE,0,0,68,76,0,59,0,Automatic (A1),173.8,0,133.2,0,smart,fortwo electric drive coupe,Two Seaters,2014,,3750,,,EV,,,55 kW DCPM,MBX,,0,,N,0,0,0
0.192,0,0,6,122,121.66,0,0,0,27.7043,0,0,-1,0,0,107,106.9856,0,0,31.5042,0,0,,,Rear-Wheel Drive,705,,10,600,0,Electricity,Electricity,10,-1,93,93.24,0,0,0,36.1486,0,0,0,35858,0,0,N,FALSE,0,0,68,76,0,59,0,Automatic (A1),173.8,0,133.2,0,smart,fortwo electric drive convertible,Two Seaters,2015,1387,3750,,,EV,,,55 kW DCPM,MBX,,0,,N,0,0,0
0.192,0,0,6,122,121.66,0,0,0,27.7043,0,0,-1,0,0,107,106.9856,0,0,31.5042,0,0,,,Rear-Wheel Drive,704,,10,600,0,Electricity,Electricity,10,-1,93,93.24,0,0,0,36.1486,0,0,0,35859,0,0,N,FALSE,0,0,68,76,0,59,0,Automatic (A1),173.8,0,133.2,0,smart,fortwo electric drive coupe,Two Seaters,2015,,3750,,,EV,,,55 kW DCPM,MBX,,0,,N,0,0,0
0.228,0,0,12,88,87.9,0,0,0,38,0,0,-1,0,0,89,88.8,0,0,38,0,0,,,Rear-Wheel Drive,1,,-1,750,0,Electricity,Electricity,-1,-1,90,90.1,0,0,0,37,0,26,94,32557,0,0,Y,FALSE,0,0,265,262.69,0,266.78,0,Automatic (A1),110.4,0,113.2,0,Tesla,Model S,Large Cars,2012,2558,3000,,,EV,,,260 kW AC Induction,TSL,,0,,N,0,0,0
0.21,0,0,10,94,94.4,0,0,0,36,0,0,-1,0,0,95,95.4,0,0,35,0,0,,,Rear-Wheel Drive,2,,10,700,0,Electricity,Electricity,10,-1,97,96.7,0,0,0,35,0,26,94,33367,0,0,N,FALSE,0,0,208,205.7,0,210.7,0,Automatic (A1),118.6,0,121.5,0,Tesla,Model S (60 kW-hr battery pack),Large Cars,2013,18223,3250,,,EV,,,225 kW AC Induction,TSL,single charger,3.75,dual charger,N,0,0,0
0.228,0,0,12,88,87.9,0,0,0,38,0,0,-1,0,0,89,88.8,0,0,38,0,0,,,Rear-Wheel Drive,1,,10,750,0,Electricity,Electricity,10,-1,90,90.1,0,0,0,37,0,26,94,33368,0,0,Y,FALSE,0,0,265,262.7,0,266.8,0,Automatic (A1),110.4,0,113.2,0,Tesla,Model S (85 kW-hr battery pack),Large Cars,2013,,3000,,,EV,,,270 kW AC Induction,TSL,single charger,4.75,dual charger,N,0,0,0
0.216,0,0,6,93,93.4,0,0,0,36,0,0,-1,0,0,94,94.3,0,0,36,0,0,,,Rear-Wheel Drive,3,,10,700,0,Electricity,Electricity,10,-1,96,95.5,0,0,0,35,0,26,94,33612,0,0,N,FALSE,0,0,139,138.5,0,140.7,0,Automatic (A1),117.3,0,120,0,Tesla,Model S (40 kW-hr battery pack),Large Cars,2013,,3250,,,EV,,,225 kW AC Induction,TSL,single charger,2.5,dual charger,N,0,0,0
0.228,0,0,12,88,87.9,0,0,0,38,0,0,-1,0,0,89,88.8,0,0,38,0,0,,,Rear-Wheel Drive,1,,10,750,0,Electricity,Electricity,10,-1,90,90.1,0,0,0,37,0,26,94,34775,0,0,N,FALSE,0,0,265,262.7,0,266.8,0,Automatic (A1),110.4,0,113.2,0,Tesla,Model S (85 kW-hr battery pack),Large Cars,2014,15036,3000,,,EV,,,270 kW AC Induction (85 kW-hr battery pack),TSL,standard charger,4.75,80 amp dual charger,N,0,0,0
0.21,0,0,10,94,94.4,0,0,0,36,0,0,-1,0,0,95,95.4,0,0,35,0,0,,,Rear-Wheel Drive,2,,10,700,0,Electricity,Electricity,10,-1,97,96.7,0,0,0,35,0,26,94,34776,0,0,N,FALSE,0,0,208,205.7,0,210.7,0,Automatic (A1),118.6,0,121.5,0,Tesla,Model S (60 kW-hr battery pack),Large Cars,2014,,3250,,,EV,,,225 kW AC Induction (60 kW-hr battery pack),TSL,standard charger,3.75,80 amp dual charger,N,0,0,0
0.228,0,0,12,88,87.9,0,0,0,38,0,0,-1,0,0,89,88.8,0,0,38,0,0,,,Rear-Wheel Drive,1,,10,750,0,Electricity,Electricity,10,-1,90,90.1,0,0,0,37,0,26,94,35980,0,0,N,FALSE,0,0,265,262.7,0,266.8,0,Automatic (A1),110.4,0,113.2,0,Tesla,Model S (85 kW-hr battery pack),Large Cars,2015,17300,3000,,,EV,,,270 kW AC Induction (85 kW-hr battery pack),TSL,standard charger,4.75,80 amp dual charger,N,0,0,0
0.228,0,0,12,86,86,0,0,0,39,0,0,-1,0,0,89,89.3,0,0,38,0,0,,,4-Wheel Drive,4,,10,750,0,Electricity,Electricity,10,-1,94,93.7,0,0,0,36,0,26,94,35994,0,0,N,FALSE,0,0,242,233.5,0,253.2,0,Automatic (A1),117.8,0,128.4,0,Tesla,Model S AWD (85 kW-hr battery pack),Large Cars,2014,,3000,,,EV,,,180 and 350 kW AC Induction (85 kW-hr battery pack),TSL,standard charger,4.75,80 amp dual charger,N,0,0,0
0.216,0,0,12,89,89.3714,0,0,0,38,0,0,-1,0,0,93,92.9112,0,0,36,0,0,,,All-Wheel Drive,4,,10,700,0,Electricity,Electricity,10,-1,98,97.6374,0,0,0,35,0,26,94,36008,0,0,N,FALSE,0,0,253,242.3,0,265.5,0,Automatic (A1),121.1,0,132.3,0,Tesla,Model S AWD - P85D,Large Cars,2015,,3250,,,EV,,,164 (front) 350 (rear) (85 kW-hr battery pack),TSL,standard charger,4.75,80 amp dual charger,N,0,0,0
0.204,0,0,12,95,95.3056,0,0,0,35,0,0,-1,0,0,100,99.8433,0,0,34,0,0,,,All-Wheel Drive,5,,10,650,0,Electricity,Electricity,10,-1,106,106.0124,0,0,0,32,0,26,94,36009,0,0,N,FALSE,0,0,270,257.1,0,285.3,0,Automatic (A1),126.4,0,140.6,0,Tesla,Model S AWD - 85D,Large Cars,2015,,3500,,,EV,,,140 (front) 140 (rear) (85 kW-hr battery pack),TSL,standard charger,4.75,80 amp dual charger,N,0,0,0
0.21,0,0,10,94,94.4056,0,0,0,36,0,0,-1,0,0,95,95.4404,0,0,35,0,0,,,Rear-Wheel Drive,2,,10,700,0,Electricity,Electricity,10,-1,97,96.714,0,0,0,35,0,26,94,36017,0,0,N,FALSE,0,0,208,205.7,0,210.7,0,Automatic (A1),118.6,0,121.5,0,Tesla,Model S (60 kW-hr battery pack),Large Cars,2015,,3250,,,EV,,,225 kW AC Induction (60 kW-hr battery pack),TSL,standard charger,3.75,80 amp dual charger,N,0,0,0
0.198,0,0,12,101,100.8098,0,0,0,33,0,0,-1,0,0,101,101.2486,0,0,33,0,0,,,All-Wheel Drive,6,,10,650,0,Electricity,Electricity,10,-1,102,101.79,0,0,0,33,0,26,94,36126,0,0,N,FALSE,0,0,240,242.8,0,246.4,0,Automatic (A1),133.7,0,135,0,Tesla,Model S AWD - 70D,Large Cars,2015,,3500,,,EV,,,140 (front) 140 (rear) (70 kW-hr battery pack),TSL,standard charger,4.75,80 amp dual charger,N,0,0,0
0.204,0,0,12,95,95.3056,0,0,0,35,0,0,-1,0,0,100,99.8433,0,0,34,0,0,,,All-Wheel Drive,7,,10,650,0,Electricity,Electricity,10,-1,106,106.0124,0,0,0,32,0,26,94,36786,0,0,N,FALSE,0,0,270,257.1,0,285.3,0,Automatic (A1),126.4,0,140.6,0,Tesla,Model S AWD - 90D,Large Cars,2015,,3500,,,EV,,,140 (front) 140 (rear) (90 kW-hr battery pack),TSL,standard charger,4.75,80 amp dual charger,N,0,0,0
0.216,0,0,12,89,89.3714,0,0,0,38,0,0,-1,0,0,93,92.9112,0,0,36,0,0,,,All-Wheel Drive,8,,10,700,0,Electricity,Electricity,10,-1,98,97.6374,0,0,0,35,0,26,94,36787,0,0,N,FALSE,0,0,253,242.3,0,265.5,0,Automatic (A1),121.1,0,132.3,0,Tesla,Model S AWD - P90D,Large Cars,2015,,3250,,,EV,,,164 (front) 350 (rear) (90 kW-hr battery pack),TSL,standard charger,4.75,80 amp dual charger,N,0,0,0
0.228,0,0,12,88,87.8784,0,0,0,38,0,0,-1,0,0,89,88.8876,0,0,38,0,0,,,Rear-Wheel Drive,71,,10,750,0,Electricity,Electricity,10,-1,90,90.1072,0,0,0,37,0,26,94,37236,0,0,N,FALSE,0,0,265,262.7,0,266.8,0,Automatic (A1),110.4,0,113.2,0,Tesla,Model S (90 kW-hr battery pack),Large Cars,2015,,3000,,,EV,,,285 kW AC Induction (90 kW-hr battery pack),TSL,standard charger,4.75,80 amp dual charger,N,0,0,0
4.744612482,3.469578947,0,1.5,51,50.5282,90,90.2714,0.35,26,0.317,133,-1,0,133,50,49.7021,95,95.3887,29,0.1907,0.288,4,1.8,Front-Wheel Drive,85,PHEV,-1,700,0,Regular Gas and Electricity,Regular Gasoline,-1,-1,49,48.7284,102,102.4898,0,33,0.251,22,94,32484,0,0,Y,TRUE,0,0,0,0,12.15,0,9.1,Automatic (variable gear ratios),70.9,128.9591,68.4,146.414,Toyota,Prius Plug-in Hybrid,Midsize Cars,2012,12736,3250,,,Plug-in Hybrid,Electricity,11,18 kW,TYX,,0,,Y,59,56,58
0.18,0,0,7,126,126.3678,0,0,0,27,0,0,-1,0,0,112,112.2077,0,0,30,0,0,,0,Rear-Wheel Drive,141,,10,600,0,Electricity,Electricity,10,-1,99,98.6914,0,0,0,34,0,13,85,36023,0,0,N,FALSE,0,0,62,68.5545,0,54.8184,0,Automatic (A1),180.5254,0,140.9876,0,Mitsubishi,i-MiEV,Subcompact Cars,2016,,3750,,,EV,,,49 kW DCPM,MTX,,0,,N,0,0,0
0.264,0,0,6,78,78.4283,0,0,0,43,0,0,-1,0,0,76,76.169,0,0,44,0,0,,,Front-Wheel Drive,86,,-1,850,0,Electricity,Electricity,-1,-1,74,73.5784,0,0,0,46,0,0,0,33308,0,0,Y,FALSE,0,0,103,107,0,98.9,0,Automatic (variable gear ratios),112.0404,0,105.112,0,Toyota,RAV4 EV,Sport Utility Vehicle - 2WD,2012,,2500,,,EV,,,115 kW AC Induction,TYX,,0,,N,0,0,0
4.737143959,3.469578947,0,1.5,51,50.5282,90,90.2714,0.35,26,0.32,133,-1,0,133,50,49.7021,95,95.3887,29,0.1907,0.29,4,1.8,Front-Wheel Drive,43,PHEV,10,700,0,Regular Gas and Electricity,Regular Gasoline,10,-1,49,48.7284,102,102.4898,0,33,0.25,22,94,33335,0,0,Y,TRUE,0,0,0,0,12.15,0,9.1,Automatic (variable gear ratios),70.9,128.9591,68.4,146.414,Toyota,Prius Plug-in Hybrid,Midsize Cars,2013,12088,3250,,,Plug-in Hybrid,Electricity,11,18 kW,TYX,,0,,Y,59,56,58
0.264,0,0,6,78,78.4283,0,0,0,43,0,0,-1,0,0,76,76.169,0,0,44,0,0,,,Front-Wheel Drive,93,,10,850,0,Electricity,Electricity,10,-1,74,73.5784,0,0,0,46,0,0,0,33397,0,0,N,FALSE,0,0,103,107,0,98.9,0,Automatic (variable gear ratios),112.0404,0,105.112,0,Toyota,RAV4 EV,Small Sport Utility Vehicle 2WD,2013,,2500,,,EV,,,115 kW AC Induction,TYX,,0,,N,0,0,0
4.877584661,3.745568182,0,2.5,40,40.4488,95,94.5114,0,34,0.4781,129,-1,0,129,38,38.4528,88,87.1498,37,0,0.4506,4,2,Front-Wheel Drive,78,PHEV,10,950,0,Regular Gas and Electricity,Regular Gasoline,10,-1,36,36.2655,81,81.449,0,41,0.4144,0,0,36248,0,8,Y,TRUE,0,103,0,0,21.4,0,17.4,Automatic (variable gear ratios),55,135.0163,51.4,116.3557,Ford,Fusion Energi Plug-in Hybrid,Midsize Cars,2016,,2500,,,Plug-in Hybrid,Electricity,20,68 kW DCPM,FMX,,0,,Y,55,46,51
0.264,0,0,6,78,78.4283,0,0,0,43,0,0,-1,0,0,76,76.169,0,0,44,0,0,,,Front-Wheel Drive,204,,10,850,0,Electricity,Electricity,10,-1,74,73.5784,0,0,0,46,0,0,0,34425,0,0,N,FALSE,0,0,103,107,0,98.9,0,Automatic (variable gear ratios),112.0404,0,105.112,0,Toyota,RAV4 EV,Small Sport Utility Vehicle 2WD,2014,,2500,,,EV,,,115 kW AC Induction,TYX,,0,,N,0,0,0
0.192,0,0,4,120,119.6,0,0,0,28.1744,0,0,-1,0,0,105,105.3754,0,0,31.9856,0,0,,,Front-Wheel Drive,37,,10,600,0,Electricity,Electricity,10,-1,92,92,0,0,0,36.6438,0,0,0,36553,0,19,N,FALSE,0,97,93,103.6,0,79.7,0,Automatic (A1),170.9,0,131.4,0,Kia,Soul Electric,Small Station Wagons,2016,,3750,,,EV,,,81 kW AC PMSM,KMX,,0,,N,0,0,0
9.53202747,0.414,0,3,21,20.8,48,47.9,0,70,0.371,260,-1,0,260,22,22.1,47,47,69,0,0.366,6,3,All-Wheel Drive,441,SIDI; PHEV,6,1950,1350,Premium Gas or Electricity,Premium Gasoline,8,-1,24,24.1,46,46.4,0,69,0.361,0,0,36709,0,0,N,FALSE,0,0,0,0,14.27,0,13.92,Automatic (AM8),26.3,65.5,33.5,66.2,Porsche,Cayenne S e-Hybrid,Standard Sport Utility Vehicle 4WD,2016,,-1750,,S,Plug-in Hybrid,Electricity,14,70 kW DC Brushless,PRX,,0,,Y,25,28,27
7.984573366,6.462941176,0,3,23,22.7,43,43.3,0.8339,51,0.402,229,-1,0,229,25,25.2605,51,51,51,0.5,0.394,6,3,Rear-Wheel Drive,641,SIDI; PHEV,7,1700,0,Premium and Electricity,Premium Gasoline,9,-1,29,29.3,66,65.9,3.00E-04,51,0.384,0,0,36710,0,16,N,TRUE,0,108,0,0,16.64,0,15.6,Automatic (AM-S8),28.9,59.5,41.1,94,Porsche,Panamera S E-Hybrid,Large Cars,2016,,-750,,S,Plug-in Hybrid,Electricity,16,70 kW DC Brushless,PRX,,0,,Y,28,36,31
4.737143959,3.469578947,0,1.5,51,50.5282,90,90.2714,0.35,26,0.32,133,-1,0,133,50,49.7021,95,95.3887,29,0.1907,0.29,4,1.8,Front-Wheel Drive,70,PHEV,10,700,0,Regular Gas and Electricity,Regular Gasoline,10,-1,49,48.7284,102,102.4898,0,33,0.25,22,94,34516,0,0,Y,TRUE,0,0,0,0,12.15,0,9.1,Automatic (variable gear ratios),70.9,128.9591,68.4,146.414,Toyota,Prius Plug-in Hybrid,Midsize Cars,2014,13264,3250,,,Plug-in Hybrid,Electricity,11,18 kW,TYX,,0,,Y,59,56,58
4.737143959,3.469578947,0,1.5,51,50.5282,90,90.2714,0.35,26,0.32,133,-1,0,133,50,49.7021,95,95.3887,29,0.1907,0.29,4,1.8,Front-Wheel Drive,201,PHEV,10,700,0,Regular Gas and Electricity,Regular Gasoline,10,-1,49,48.7284,102,102.4898,0,33,0.25,22,94,35598,0,0,Y,TRUE,0,0,0,0,12.15,0,9.1,Automatic (variable gear ratios),70.9,128.9591,68.4,146.414,Toyota,Prius Plug-in Hybrid,Midsize Cars,2015,4125,3250,,,Plug-in Hybrid,Electricity,11,18 kW AC Induction,TYX,,0,,Y,59,56,58
0.174,0,0,3.7,126,125.5,0,0,0,26.8544,0,0,-1,0,0,116,115.521,0,0,29.1765,0,0,,,Front-Wheel Drive,86,,10,550,0,Electricity,Electricity,10,-1,105,105.3,0,0,0,32.0146,0,17,91,36834,0,0,Y,FALSE,0,0,83,88.9,0,75.2,0,Automatic (A1),179.3,0,150.4,0,Volkswagen,e-Golf,Compact Cars,2016,,4000,,,EV,,,85 kW AC PMSM,VGA,7.2 kW charger,7,3.6 kW charger,N,0,0,0
0.192,0,0,6,122,121.66,0,0,0,27.7043,0,0,-1,0,0,107,106.9856,0,0,31.5042,0,0,,,Rear-Wheel Drive,705,,10,600,0,Electricity,Electricity,10,-1,93,93.24,0,0,0,36.1486,0,0,0,36860,0,0,N,FALSE,0,0,68,76,0,59,0,Automatic (A1),173.8,0,133.2,0,smart,fortwo electric drive convertible,Two Seaters,2016,,3750,,,EV,,,55 kW DCPM,MBX,,0,,N,0,0,0
0.192,0,0,6,122,121.66,0,0,0,27.7043,0,0,-1,0,0,107,106.9856,0,0,31.5042,0,0,,,Rear-Wheel Drive,704,,10,600,0,Electricity,Electricity,10,-1,93,93.24,0,0,0,36.1486,0,0,0,36861,0,0,N,FALSE,0,0,68,76,0,59,0,Automatic (A1),173.8,0,133.2,0,smart,fortwo electric drive coupe,Two Seaters,2016,,3750,,,EV,,,55 kW DCPM,MBX,,0,,N,0,0,0
3.504650431,0.234,0,5,31,30.8,87,87.3,0,38,0.687,91,-1,0,91,32,31.8,85,85.2,39,0,0.677,4,1.4,Front-Wheel Drive,131,PHEV,10,1350,750,Premium Gas or Electricity,Premium Gasoline,10,-1,33,33.1,83,82.8,0,41,0.663,0,0,36862,11,0,N,FALSE,83,0,0,0,41.3,0,38.2,Automatic (variable gear ratios),42.8,124.8,46.8,118.3,Cadillac,ELR,Subcompact Cars,2016,,2000,,,Plug-in Hybrid,Electricity,40,55 and 174kW 3-Phase AC,GMX,,0,,Y,55,54,55
2.006844186,0.186,0,4.5,43,42.6,113,113,0,29,0.778,51,-1,0,51,42,42.2,106,106,31,0,0.761,4,1.5,Front-Wheel Drive,133,SIDI; PHEV,10,850,600,Regular Gas or Electricity,Regular Gasoline,10,-1,42,41.8,99,99,0,34,0.737,19,90,36863,0,0,Y,FALSE,0,0,0,0,56.77,0,48.86,Automatic (variable gear ratios),58.7,162.1,61.1,141.1,Chevrolet,Volt,Compact Cars,2016,,3500,,,Plug-in Hybrid,Electricity,53,48 and 87 kW 3-Phase AC,GMX,,0,,Y,82,72,77
4.878703541,3.745568182,0,2.5,40,40.4488,95,94.5114,0,34,0.4781,129,-1,0,129,38,38.4528,88,87.1498,37,0,0.4506,4,2,Front-Wheel Drive,99,PHEV,10,950,0,Regular Gas and Electricity,Regular Gasoline,10,-1,36,36.2655,81,81.449,0,42,0.4144,0,0,36932,0,19,Y,TRUE,0,100,0,0,21.4,0,17.4,Automatic (variable gear ratios),55,135.0163,51.4,116.3557,Ford,C-MAX Energi Plug-in Hybrid,Midsize Cars,2016,,2500,,,Plug-in Hybrid,Electricity,20,68 kW DCPM,FMX,,0,,Y,55,46,51
0.192,0,0,3.6,110,110.04,0,0,0,31,0,0,-1,0,0,105,104.7718,0,0,32,0,0,,,Front-Wheel Drive,57,,10,600,0,Electricity,Electricity,10,-1,99,98.98,0,0,0,34,0,14,91,36978,0,0,N,FALSE,0,0,76,79.7573,0,71.5259,0,Automatic (A1),157.2,0,141.4,0,Ford,Focus Electric,Compact Cars,2016,,3750,,,EV,,,107 kW AC PMSM,FMX,,0,,N,0,0,0
0.222,0,0,12,90,90.2795,0,0,0,37,0,0,-1,0,0,92,92.084,0,0,37,0,0,,,All-Wheel Drive,9,,10,700,0,Electricity,Electricity,10,-1,94,94.3898,0,0,0,36,0,26,94,36979,0,0,N,FALSE,0,0,257,252.4,0,262.7,0,Automatic (A1),123,0,132.6,0,Tesla,Model X AWD - 90D,Standard Sport Utility Vehicle 4WD,2016,,3250,,,EV,,,193 (front) 193 (rear) (90 kW-hr battery pack),TSL,standard charger,4.75,80 amp dual charger,N,0,0,0
0.228,0,0,12,89,88.5914,0,0,0,38,0,0,-1,0,0,89,89.1811,0,0,38,0,0,,,All-Wheel Drive,10,,10,750,0,Electricity,Electricity,10,-1,90,89.9126,0,0,0,37,0,26,94,36980,0,0,N,FALSE,0,0,250,247.3,0,252.7,0,Automatic (A1),120.7,0,122.5,0,Tesla,Model X AWD - P90D,Standard Sport Utility Vehicle 4WD,2016,,3000,,,EV,,,193 (front) 375 (rear) (90 kW-hr battery pack),TSL,standard charger,4.75,80 amp dual charger,N,0,0,0
0.168,0,0,7,128,128.2,0,0,0,26.2638,0,0,-1,0,0,119,118.9,0,0,28.3449,0,0,,,Front-Wheel Drive,146,,10,550,0,Electricity,Electricity,10,-1,109,109.2,0,0,0,30.8654,0,0,0,36996,0,11,N,FALSE,0,86,82,87.8,0,74.8,0,Automatic (A1),183.2,0,156,0,Chevrolet,Spark EV,Subcompact Cars,2016,,4000,,,EV,,,105 kW ACPM,GMX,,0,,N,0,0,0
0.24,0,0,3.5,85,85.4,0,0,0,39.4672,0,0,-1,0,0,84,83.7887,0,0,40.2262,0,0,,,Front-Wheel Drive,504,,10,800,0,Electricity,Electricity,10,-1,82,81.9,0,0,0,41.1538,0,0,0,36997,0,22,N,FALSE,0,90,87,89,0,85,0,Automatic (A1),122,0,117,0,Mercedes-Benz,B250e,Midsize Cars,2016,,2750,,,EV,,,132 kW AC Induction,MBX,,0,,N,0,0,0
3.835582552,3.329393939,0,2.7,38,38.5,99,99.2,0,34,0.558,101,-1,0,101,40,39.5843,99,99,34,0,0.556,4,2,Front-Wheel Drive,45,SIDI; PHEV,10,900,0,Regular Gas and Electricity,Regular Gasoline,10,-1,41,41.1,98,97.9,0,34,0.554,0,0,36998,0,10,Y,TRUE,0,106,0,0,27.49,0,27.17,Automatic (AM6),51.9,141.3,58.6,139.8,Hyundai,Sonata Plug-in Hybrid,Midsize Cars,2016,,3000,,,Plug-in Hybrid,Electricity,27,50 kW IPMSM,HYX,,0,,Y,57,60,59
0.18,0,0,8,126,126.4057,0,0,0,26.6635,0,0,-1,0,0,114,113.6836,0,0,29.6496,0,0,,,Front-Wheel Drive,901,,10,600,0,Electricity,Electricity,10,-1,101,101.2312,0,0,0,33.2992,0,24,92,37066,0,0,N,FALSE,0,0,84,92,0,74,0,Automatic (A1),180.5796,0,144.616,0,Nissan,Leaf (24 kW-hr battery pack),Midsize Cars,2016,,3750,,,EV,,,80 kW DCPM,NSX,3.6 kW charger,5,6.6 kW charger,N,0,0,0
0.18,0,0,6,124,123.55,0,0,0,27.2826,0,0,-1,0,0,112,112.4312,0,0,29.9829,0,0,,,Front-Wheel Drive,902,,10,600,0,Electricity,Electricity,10,-1,101,101.29,0,0,0,33.2832,0,24,92,37067,0,0,N,FALSE,0,0,107,116,0,95,0,Automatic (A1),176.5,0,144.7,0,Nissan,Leaf (30 kW-hr battery pack),Midsize Cars,2016,,3750,,,EV,,,80 kW DCPM,NSX,6.6 kW charger,0,,N,0,0,0
9.178873769,5.885892857,0,3,23,23.0713,55,55.1527,0,61,0.338,247,-1,0,247,24,23.8712,56,56.0988,59,0,0.345,4,2,All-Wheel Drive,576,SIDI; PHEV,7,1800,0,Premium and Electricity,Premium Gasoline,8,-1,25,24.8488,57,57.3002,0,57,0.353,0,0,37068,0,0,Y,TRUE,0,0,0,0,13.2,0,13.95,Automatic (S8),29.4,78.7896,37.8484,81.8574,BMW,X5 xDrive40e,Standard Sport Utility Vehicle 4WD,2016,,-1250,T,,Plug-in Hybrid,Electricity,14,83 kW AC Induction,BMX,,0,,Y,28,31,29
5.863279935,3.971204819,0,2.5,33,33,81,80.7,0,42,0.396,158,-1,0,158,35,34.5683,83,83,40,0,0.393,4,1.4,Front-Wheel Drive,101,SIDI; PHEV,9,1250,0,Premium and Electricity,Premium Gasoline,10,-1,37,36.7,86,86.1,0,39,0.389,14,89,37129,0,0,Y,TRUE,0,0,0,0,16.3,0,15.92,Automatic (AM-S6),43.6,114.96,52,123,Audi,A3 e-tron,Compact Cars,2016,,1500,T,,Plug-in Hybrid,Electricity,16,80 kW DCPM,VGA,,0,,Y,42,47,44
5.115502679,3.832674419,0,2.5,37,36.8,86,86.2,0,39,0.422,138,-1,0,138,39,39,86,86,38,0,0.41,4,1.4,Front-Wheel Drive,102,SIDI; PHEV,10,1100,0,Premium and Electricity,Premium Gasoline,10,-1,41,41.4,87,86.5,0,38,0.395,14,89,37130,0,0,N,TRUE,0,0,0,0,17.84,0,16.25,Automatic (AM-S6),49.5,122.52,59,123.63,Audi,A3 e-tron ultra,Compact Cars,2016,,2000,T,,Plug-in Hybrid,Electricity,17,80 kW DCPM,VGA,,0,,Y,48,51,49
4.028975201,0.258,0,5,28,28,80,87.3,0,42,0.66,104,-1,0,104,30,30,80,85.2,43,0,0.64,4,1.4,Front-Wheel Drive,132,PHEV,10,1450,850,Premium Gas or Electricity,Premium Gasoline,10,-1,33,33.1,79,82.8,0,43,0.63,0,0,37131,11,0,N,FALSE,83,0,0,0,37.3,0,34.5,Automatic (variable gear ratios),42.8,124.8,46.8,118.3,Cadillac,ELR Sport,Subcompact Cars,2016,,1500,,,Plug-in Hybrid,Electricity,36,55 and 174kW 3-Phase AC,GMX,,0,,Y,49,52,50
0.18,0,0,4,121,121.03,0,0,0,27.8485,0,0,-1,0,0,112,112.4374,0,0,29.9767,0,0,,,Front-Wheel Drive,3,,10,600,0,Electricity,Electricity,10,-1,103,103.46,0,0,0,32.5778,0,7,72,37156,0,0,N,FALSE,0,0,84,90.02,0,76.65,0,Automatic (A1),172.9,0,147.8,0,Fiat,500e,Minicompact Cars,2016,,3750,,,EV,,,82 kW AC Induction,CRX,,0,,N,0,0,0
8.246834738,5.682931034,0,2.75,24,23.6,54,54.1,0,63,0.337,227,-1,0,227,26,26.1402,58,57.6969,59,0,0.352,6,3,Rear-Wheel Drive,201,SIDI; PHEV,7,1650,0,Premium and Electricity,Premium Gasoline,9,-1,30,30.1,63,62.8,0,54,0.37,0,0,37161,0,9,N,TRUE,0,112,0,0,13.13,0,14.88,Automatic 7-spd,30.2,75.79,42.2,89.65,Mercedes-Benz,S550e,Large Cars,2016,,-500,T,,Plug-in Hybrid,Electricity,14,85 kW DCPM,MBX,,0,,Y,28,36,31
0.162,0,0,4,137,137.48,0,0,0,25,0,0,-1,0,0,124,124.3601,0,0,27,0,0,,,Rear-Wheel Drive,100,,10,550,0,Electricity,Electricity,10,-1,111,111.37,0,0,0,30,0,0,0,37216,0,15,N,FALSE,0,84,81,89,0,71.6,0,Automatic (A1),196.4,0,159.1,0,BMW,i3 BEV,Subcompact Cars,2016,,4000,,,EV,,,125 kW AC Induction,BMX,,0,,N,0,0,0
1.563190372,0.174,0,4,41,41.4014,127,127.093,0,27,0.849,37,-1,0,37,39,39.4492,117,116.9364,29,0,0.834,2,0.6,Rear-Wheel Drive,101,PHEV,10,1100,550,Premium Gas or Electricity,Premium Gasoline,10,-1,37,37.2995,107,106.531,0,32,0.813,0,0,37222,0,15,N,FALSE,0,84,0,0,77.504,0,65.632,Automatic (A1),52.1,181.5609,51.9,152.1878,BMW,i3 REX,Subcompact Cars,2016,,3500,,,Plug-in Hybrid,Electricity,72,125kW,BMX,,0,,Y,97,79,88
7.356924278,4.336973684,0,2,28,28.1135,80,79.5972,0,45,0.3678,198,-1,0,198,28,28.4624,76,76.2018,43,0.1,0.3737,3,1.5,All-Wheel Drive,108,SIDI; PHEV,8,1550,0,Premium and Electricity,Premium Gasoline,9,-1,29,28.8888,72,72.4259,0.1865,41,0.3808,0,0,37223,5,0,N,TRUE,81,0,0,0,14.73,0,15.44,Automatic 6-spd,38.4,113.7102,46.4,103.4655,BMW,i8,Subcompact Cars,2016,,500,T,,Plug-in Hybrid,Electricity,15,96kW,BMX,,0,,Y,37,38,37
8.670674373,6.219056604,0,3,24,23.5958,53,53.792,0.0541,58,0.3502,241,-1,0,241,25,25.0465,53,53.8,58,0.0983,0.3443,4,2,All-Wheel Drive,54,SIDI; PHEV,7,1700,0,Premium and Electricity,Premium Gasoline,8,-1,27,27.0814,54,55.359,0.0442,59,0.3371,0,0,37224,0,0,Y,TRUE,0,0,0,0,13.8,0,13.1,Automatic (S8),30.1753,83.4,37.8794,81.6,Volvo,XC90 AWD PHEV,Standard Sport Utility Vehicle 4WD,2016,,-750,T,S,Plug-in Hybrid,Electricity,14,34 and 65kW DCPM,VVX,,0,,Y,28,32,30
0.228,0,0,10,88,87.8784,0,0,0,38,0,0,-1,0,0,89,88.8676,0,0,38,0,0,,,Rear-Wheel Drive,3,,10,750,0,Electricity,Electricity,10,-1,90,90.1072,0,0,0,37,0,26,94,37233,0,0,N,FALSE,0,0,234,234,0,234.3,0,Automatic (A1),110.4,0,113.2,0,Tesla,Model S (70 kW-hr battery pack),Large Cars,2016,,3000,,,EV,,,285 kW AC Induction (70 kW-hr battery pack),TSL,standard charger,3.75,80 amp dual charger,N,0,0,0
0.228,0,0,12,88,87.9,0,0,0,38,0,0,-1,0,0,89,88.8,0,0,38,0,0,,,Rear-Wheel Drive,1,,10,750,0,Electricity,Electricity,10,-1,90,90.1,0,0,0,37,0,26,94,37234,0,0,N,FALSE,0,0,265,262.7,0,266.8,0,Automatic (A1),110.4,0,113.2,0,Tesla,Model S (85 kW-hr battery pack),Large Cars,2016,,3000,,,EV,,,285 kW AC Induction (85 kW-hr battery pack),TSL,standard charger,4.75,80 amp dual charger,N,0,0,0
0.228,0,0,12,88,87.8784,0,0,0,38,0,0,-1,0,0,89,88.8876,0,0,38,0,0,,,Rear-Wheel Drive,71,,10,750,0,Electricity,Electricity,10,-1,90,90.1072,0,0,0,37,0,26,94,37235,0,0,N,FALSE,0,0,265,262.7,0,266.8,0,Automatic (A1),110.4,0,113.2,0,Tesla,Model S (90 kW-hr battery pack),Large Cars,2016,,3000,,,EV,,,285 kW AC Induction (90 kW-hr battery pack),TSL,standard charger,4.75,80 amp dual charger,N,0,0,0
0.174,0,0,4,126,125.6,0,0,0,26.8395,0,0,-1,0,0,116,115.5536,0,0,29.1683,0,0,,,Front-Wheel Drive,109,,10,550,0,Electricity,Electricity,10,-1,105,105.3,0,0,0,32.0146,0,17,91,35849,0,0,Y,FALSE,0,0,83,88.9,0,75.2,0,Automatic (A1),179.4,0,150.4,0,Volkswagen,e-Golf,Compact Cars,2015,4232,4000,,,EV,,,85 kW AC PMSM,VGA,,0,,N,0,0,0
0.198,0,0,12,101,100.8098,0,0,0,33,0,0,-1,0,0,101,101.2486,0,0,33,0,0,,,All-Wheel Drive,6,,10,650,0,Electricity,Electricity,10,-1,102,101.79,0,0,0,33,0,26,94,37238,0,0,Y,FALSE,0,0,240,242.8,0,246.4,0,Automatic (A1),133.7,0,135,0,Tesla,Model S AWD - 70D,Large Cars,2016,,3500,,,EV,,,193 (front) 193 (rear) (70 kW-hr battery pack),TSL,standard charger,4.75,80 amp dual charger,N,0,0,0
0.204,0,0,12,95,95.3056,0,0,0,35,0,0,-1,0,0,100,99.8433,0,0,34,0,0,,,All-Wheel Drive,5,,10,650,0,Electricity,Electricity,10,-1,106,106.0124,0,0,0,32,0,26,94,37239,0,0,N,FALSE,0,0,270,257.1,0,285.3,0,Automatic (A1),126.4,0,140.6,0,Tesla,Model S AWD - 85D,Large Cars,2016,,3500,,,EV,,,193 (front) 193 (rear) (85 kW-hr battery pack),TSL,standard charger,4.75,80 amp dual charger,N,0,0,0
0.198,0,0,12,101,100.8065,0,0,0,33,0,0,-1,0,0,103,103.3087,0,0,33,0,0,,,All-Wheel Drive,7,,10,650,0,Electricity,Electricity,10,-1,107,106.541,0,0,0,32,0,26,94,37240,0,0,Y,FALSE,0,0,294,285.7,0,303.2,0,Automatic (A1),133.6,0,141.2,0,Tesla,Model S AWD - 90D,Large Cars,2016,,3500,,,EV,,,193 (front) 193 (rear) (90 kW-hr battery pack),TSL,standard charger,4.75,80 amp dual charger,N,0,0,0
0.216,0,0,12,89,89.3714,0,0,0,38,0,0,-1,0,0,93,92.9112,0,0,36,0,0,,,All-Wheel Drive,4,,10,700,0,Electricity,Electricity,10,-1,98,97.6374,0,0,0,35,0,26,94,37241,0,0,N,FALSE,0,0,253,242.3,0,265.5,0,Automatic (A1),121.1,0,132.3,0,Tesla,Model S AWD - P85D,Large Cars,2016,,3250,,,EV,,,193 (front) 375 (rear) (85 kW-hr battery pack),TSL,standard charger,4.75,80 amp dual charger,N,0,0,0
0.21,0,0,12,91,91.3191,0,0,0,37,0,0,-1,0,0,95,94.9536,0,0,35,0,0,,,All-Wheel Drive,8,,10,700,0,Electricity,Electricity,10,-1,100,99.8087,0,0,0,34,0,26,94,37242,0,0,N,FALSE,0,0,270,259.6,0,283.4,0,Automatic (A1),123.7,0,135.2,0,Tesla,Model S AWD - P90D,Large Cars,2016,,3250,,,EV,,,193 (front) 375 (rear) (90 kW-hr battery pack),TSL,standard charger,4.75,80 amp dual charger,N,0,0,0
5.846634032,4.577916667,0,2,28,28.0788,67,66.7972,0,50,0.446,184,-1,0,184,31,31.0051,72,71.5824,47,0,0.463,4,2,Rear-Wheel Drive,330,SIDI; PHEV,9,1400,0,Premium and Electricity,Premium Gasoline,10,-1,36,35.5309,78,78.4515,0,43,0.483,0,0,37289,0,9,Y,TRUE,0,96,0,0,13.65,0,15.27,Automatic (S8),36.4858,95.4246,50.3053,112.0736,BMW,330e,Compact Cars,2016,,1000,T,,Plug-in Hybrid,Electricity,14,65kW,BMX,,0,,Y,35,44,38
0.18,0,0,7,121,120.7756,0,0,0,28,0,0,-1,0,0,112,111.6914,0,0,30,0,0,,,Rear-Wheel Drive,141,,10,600,0,Electricity,Electricity,10,-1,102,102.288,0,0,0,33,0,13,85,37293,0,0,N,FALSE,0,0,59,63.9,0,54,0,Automatic (A1),172.5366,0,146.1258,0,Mitsubishi,i-MiEV,Subcompact Cars,2017,,3750,,,EV,,,49 kW DCPM,MTX,,0,,N,0,0,0
2.006844186,0.186,0,4.5,43,42.6,113,113,0,29,0.778,51,-1,0,51,42,42.2,106,106,31,0,0.761,4,1.5,Front-Wheel Drive,1,SIDI; PHEV,10,850,600,Regular Gas or Electricity,Regular Gasoline,10,-1,42,41.8,99,99,0,34,0.737,19,90,37309,0,0,Y,FALSE,0,0,0,0,56.77,0,48.86,Automatic (variable gear ratios),58.7,162.1,61.1,141.1,Chevrolet,Volt,Compact Cars,2017,,3500,,,Plug-in Hybrid,Electricity,53,48 and 87 kW 3-Phase AC,GMX,,0,,Y,82,72,77
0.204,0,0,12,97,97.4898,0,0,0,35,0,0,-1,0,0,98,98.409,0,0,34,0,0,,,Rear-Wheel Drive,31,,10,650,0,Electricity,Electricity,10,-1,100,99.5562,0,0,0,34,0,26,94,37421,0,0,N,FALSE,0,0,249,246.1,0,252.7,0,Automatic (A1),132.1,0,134.9,0,Tesla,Model S (75 kW-hr battery pack),Large Cars,2016,,3500,,,EV,,,285 kW AC Induction (75 kW-hr battery pack),TSL,standard charger,4.75,80 amp dual charger,N,0,0,0
0.198,0,0,12,102,101.7702,0,0,0,33,0,0,-1,0,0,103,103.3343,0,0,33,0,0,,,All-Wheel Drive,61,,10,650,0,Electricity,Electricity,10,-1,105,105.3126,0,0,0,32,0,26,94,37422,0,0,N,FALSE,0,0,259,255,0,264.6,0,Automatic (A1),137.9,0,142.7,0,Tesla,Model S AWD - 75D,Large Cars,2016,,3500,,,EV,,,193 (front) 193 (rear) (75 kW-hr battery pack),TSL,standard charger,4.75,80 amp dual charger,N,0,0,0
0.216,0,0,12,91,91.1628,0,0,0,37,0,0,-1,0,0,93,93.0305,0,0,36,0,0,,,All-Wheel Drive,11,,10,700,0,Electricity,Electricity,10,-1,95,95.42,0,0,0,35,0,26,94,37423,0,0,N,FALSE,0,0,238,233.7,0,242.2,0,Automatic (A1),124.2,0,130,0,Tesla,Model X AWD - 75D,Standard Sport Utility Vehicle 4WD,2016,,3250,,,EV,,,193 (front) 193 (rear) (75 kW-hr battery pack),TSL,standard charger,4.75,80 amp dual charger,N,0,0,0
4.184202292,3.398041237,0,2.5,43,42.5701,104,103.6,0,33,0.498,112,-1,0,112,42,41.9135,97,97.4149,35,0,0.48,4,2,Front-Wheel Drive,12,PHEV,10,850,0,Regular Gas and Electricity,Regular Gasoline,10,-1,41,41.1379,91,90.79,0,37,0.456,0,0,37470,0,8,Y,TRUE,0,103,0,0,22.83,0,19.96,Automatic (variable gear ratios),59.8,148,61.3,129.7,Ford,Fusion Energi Plug-in Hybrid,Midsize Cars,2017,,3000,,,Plug-in Hybrid,Electricity,22,68 kW DCPM,FMX,,0,,Y,60,54,57
10.80370279,7.665348837,0,1.9,20,19.8825,39,38.5939,0.6,68,0.318,294,-1,0,294,21,21.1259,43,43.1161,68,0.3,0.311,6,3,4-Wheel Drive,333,SIDI; PHEV,6,2050,0,Premium and Electricity,Premium Gasoline,7,-1,23,22.8742,50,50.3231,0,68,0.303,0,0,37526,0,0,N,TRUE,0,0,0,0,12.16,0,11.44,Automatic 7-spd,26.9,52.1,32.3,71,Mercedes-Benz,GLE550e 4matic,Standard Sport Utility Vehicle 4WD,2016,,-2500,T,,Plug-in Hybrid,Electricity,12,85 kW DCPM,MBX,,0,,Y,24,27,25
8.652550063,6.103888889,0,3,24,23.7174,54,58.5962,0.0541,60,0.351,238,-1,0,238,25,25.0718,54,58.0196,60,0.0983,0.346,4,2,All-Wheel Drive,54,SIDI; PHEV,7,1700,0,Premium and Electricity,Premium Gasoline,8,-1,27,26.953,56,57.33,0.0442,60,0.34,0,0,37703,0,0,N,TRUE,0,0,0,0,13.84,0,13.3,Automatic (S8),30.4711,82.2,38.1739,82,Volvo,XC90 AWD PHEV,Standard Sport Utility Vehicle 4WD,2017,,-750,T,S,Plug-in Hybrid,Electricity,14,34 and 65kW DCPM,VVX,,0,,Y,29,32,30
0.18,0,0,4,121,121.03,0,0,0,27.8485,0,0,-1,0,0,112,112.4374,0,0,29.9767,0,0,,,Front-Wheel Drive,18,,10,600,0,Electricity,Electricity,10,-1,103,103.46,0,0,0,32.5778,0,7,72,37798,0,0,N,FALSE,0,0,84,90.02,0,76.65,0,Automatic (A1),172.9,0,147.8,0,Fiat,500e,Minicompact Cars,2017,,3750,,,EV,,,82 kW AC Induction,CRX,,0,,N,0,0,0
9.53520117,0.426,0,3,21,20.8,47,47.0475,0,71,0.371,258,-1,0,258,22,22.1658,46,46.0967,71,0,0.366,6,3,All-Wheel Drive,441,SIDI; PHEV,6,1950,1400,Premium Gas or Electricity,Premium Gasoline,8,-1,24,24.1,45,44.9855,0,71,0.361,0,0,37799,0,0,N,FALSE,0,0,0,0,14.62,0,13.92,Automatic (AM8),26.3,50.8,33.5,50.7,Porsche,Cayenne S e-Hybrid,Standard Sport Utility Vehicle 4WD,2017,,-2000,,S,Plug-in Hybrid,Electricity,14,70 kW DC Brushless,PRX,,0,,Y,25,29,27
0.282,0,0,5,73,73.15,0,0,0,46,0,0,-1,0,0,72,72.2873,0,0,47,0,0,,,Front-Wheel Drive,1,,10,900,0,Electricity,Electricity,10,-1,71,71.26,0,0,0,47,0,16,88,37800,0,0,N,FALSE,0,0,187,188.7,0,184.3,0,Automatic (A1),104.5,0,101.8,0,BYD,e6,Small Sport Utility Vehicle 2WD,2016,,2250,,,EV,,,75 kW AC PMSM,BYD,,0,,N,0,0,0
0.162,0,0,4,137,137.48,0,0,0,25,0,0,-1,0,0,124,124.3601,0,0,27,0,0,,,Rear-Wheel Drive,100,,10,550,0,Electricity,Electricity,10,-1,111,111.37,0,0,0,30,0,0,0,38000,0,15,N,FALSE,0,84,81,89,0,71.6,0,Automatic (A1),196.4,0,159.1,0,BMW,i3 BEV (60  Amp-hour battery),Subcompact Cars,2017,,4000,,,EV,,,125 kW AC Induction,BMX,,0,,N,0,0,0
0.174,0,0,5,129,129.08,0,0,0,26,0,0,-1,0,0,118,117.7049,0,0,29,0,0,,,Rear-Wheel Drive,102,,10,550,0,Electricity,Electricity,10,-1,106,106.26,0,0,0,32,0,0,0,38001,0,15,N,FALSE,0,84,114,123.8,0,101.9,0,Automatic (A1),184.4,0,151.8,0,BMW,i3 BEV (94 Amp-hour battery),Subcompact Cars,2017,,4000,,,EV,,,125 kW AC Induction,BMX,,0,,N,0,0,0
0.24,0,0,3.5,85,85.4,0,0,0,39.4672,0,0,-1,0,0,84,83.7887,0,0,40.2262,0,0,,,Front-Wheel Drive,504,,10,800,0,Electricity,Electricity,10,-1,82,81.9,0,0,0,41.1538,0,0,0,38002,0,22,N,FALSE,0,90,87,89,0,85,0,Automatic (A1),122,0,117,0,Mercedes-Benz,B250e,Midsize Cars,2017,,2750,,,EV,,,132 kW AC Induction,MBX,,0,,N,0,0,0
8.009330414,5.15015625,0,3,25,24.8563,62,62.0758,0,53,0.356,214,-1,0,214,27,26.7381,64,64.451,52,0,0.362,4,2,All-Wheel Drive,740,SIDI; PHEV,8,1600,0,Premium and Electricity,Premium Gasoline,9,-1,29,29.4644,68,67.613,0,50,0.369,0,0,38045,0,10,N,TRUE,0,114,0,0,13.45,0,14.73,Automatic (S8),32.1,87.6,42.1,97,BMW,740e xDrive,Large Cars,2017,,-250,T,,Plug-in Hybrid,Electricity,14,83kW DCPM,BMX,,0,,Y,31,37,33
3.880578051,3.329393939,0,2.7,38,37.8163,99,99.1,0,34,0.557,104,-1,0,104,39,38.5993,99,98.5254,34,0,0.556,4,2,Front-Wheel Drive,42,SIDI; PHEV,10,900,0,Regular Gas and Electricity,Regular Gasoline,10,-1,40,39.5547,98,97.9,0,34,0.554,0,0,38046,0,10,N,TRUE,0,106,0,0,27.46,0,27.17,Automatic (AM6),51.9,141.3,58.6,140,Hyundai,Sonata Plug-in Hybrid,Midsize Cars,2017,,3000,,,Plug-in Hybrid,Electricity,27,50 kW IPMSM,HYX,,0,,Y,57,59,58
7.070999909,4.642394366,0,2,28,27.7708,66,66.0249,0,51,0.344,189,-1,0,189,30,30.3998,71,70.9242,47,0,0.359,4,2,Rear-Wheel Drive,330,SIDI; PHEV,9,1450,0,Premium and Electricity,Premium Gasoline,10,-1,34,34.3774,78,77.9981,0,43,0.376,0,0,38081,0,9,N,TRUE,0,96,0,0,13.06,0,15.11,Automatic (S8),36.3462,93.7,49.9849,111,BMW,330e,Compact Cars,2017,,500,T,,Plug-in Hybrid,Electricity,14,83kW DCPM,BMX,,0,,Y,34,43,38
0.192,0,0,4,120,119.6,0,0,0,28.1744,0,0,-1,0,0,105,105.3754,0,0,31.9856,0,0,,,Front-Wheel Drive,37,,10,600,0,Electricity,Electricity,10,-1,92,92,0,0,0,36.6438,0,0,0,38168,0,19,N,FALSE,0,97,93,103.6,0,79.7,0,Automatic (A1),170.9,0,131.4,0,Kia,Soul Electric,Small Station Wagons,2017,,3750,,,EV,,,81 kW AC PMSM,KMX,,0,,N,0,0,0
9.179989169,5.885892857,0,3,23,22.962,55,55.038,0,62,0.338,248,-1,0,248,24,23.8111,56,56.0335,59,0,0.345,4,2,All-Wheel Drive,576,SIDI; PHEV,7,1800,0,Premium and Electricity,Premium Gasoline,8,-1,25,24.8488,57,57.3002,0,57,0.353,0,0,38169,0,0,N,TRUE,0,0,0,0,13.17,0,13.95,Automatic (S8),29.4,78.6,37.8484,81.9,BMW,X5 xDrive40e,Standard Sport Utility Vehicle 4WD,2017,,-1250,T,,Plug-in Hybrid,Electricity,14,83 kW AC Induction,BMX,,0,,Y,28,31,29
0.204,0,0,10,98,97.5636,0,0,0,35,0,0,-1,0,0,99,99.0945,0,0,34,0,0,,,Rear-Wheel Drive,2,,10,650,0,Electricity,Electricity,10,-1,101,101.0322,0,0,0,33,0,26,94,38170,0,0,N,FALSE,0,0,210,207.5,0,214.8,0,Automatic (A1),132.2,0,136.9,0,Tesla,Model S (60 kW-hr battery pack),Large Cars,2016,,3500,,,EV,,,285 kW AC Induction (60 kW-hr battery pack),TSL,standard charger,3.75,80 amp dual charger,N,0,0,0
0.192,0,0,12,101,101.475,0,0,0,33,0,0,-1,0,0,104,103.7678,0,0,32,0,0,,,All-Wheel Drive,21,,10,600,0,Electricity,Electricity,10,-1,107,106.7148,0,0,0,32,0,26,94,38171,0,0,N,FALSE,0,0,218,221.1,0,226.9,0,Automatic (A1),137.5,0,144.6,0,Tesla,Model S AWD - 60D,Large Cars,2016,,3750,,,EV,,,193 (front) 193 (rear) (60 kW-hr battery pack),TSL,standard charger,3.75,80 amp dual charger,N,0,0,0
0.21,0,0,12,92,92.4713,0,0,0,36,0,0,-1,0,0,98,97.5232,0,0,35,0,0,,,All-Wheel Drive,15,,10,700,0,Electricity,Electricity,10,-1,105,104.5008,0,0,0,32,0,26,94,38172,0,0,N,FALSE,0,0,315,305.9,0,346.9,0,Automatic (A1),125.3,0,141.6,0,Tesla,Model S AWD - P100D,Large Cars,2016,,3250,,,EV,,,193 (front) 375 (rear) (100 kW-hr battery pack),TSL,standard charger,4.75,80 amp dual charger,N,0,0,0
0.216,0,0,12,91,91.2362,0,0,0,37,0,0,-1,0,0,93,92.5663,0,0,36,0,0,,,All-Wheel Drive,12,,10,700,0,Electricity,Electricity,10,-1,94,94.2456,0,0,0,36,0,26,94,38173,0,0,N,FALSE,0,0,200,196.5,0,203.2,0,Automatic (A1),124.3,0,128.4,0,Tesla,Model X AWD - 60D,Standard Sport Utility Vehicle 4WD,2016,,3250,,,EV,,,193 (front) 193 (rear) (60 kW-hr battery pack),TSL,standard charger,4.75,80 amp dual charger,N,0,0,0
0.168,0,0,9.3,128,127.54,0,0,0,26.427,0,0,-1,0,0,119,119.0958,0,0,28.3007,0,0,,,Front-Wheel Drive,293,,10,550,0,Electricity,Electricity,10,-1,110,110.18,0,0,0,30.5909,0,0,0,38187,0,17,N,FALSE,0,95,238,255.1,0,217.4,0,Automatic (A1),182.2,0,157.4,0,Chevrolet,Bolt EV,Small Station Wagons,2017,,4000,,,EV,,,150 kW ACPM,GMX,,0,,N,0,0,0
5.931317675,3.971204819,0,2.5,33,32.6,81,80.6617,0,42,0.396,158,-1,0,158,34,33.9,83,83.0222,41,0,0.393,4,1.4,Front-Wheel Drive,86,SIDI; PHEV,10,1250,0,Premium and Electricity,Premium Gasoline,10,-1,36,35.6,86,86.1019,0,39,0.389,14,89,38228,0,0,N,TRUE,0,0,0,0,16.29,0,15.91,Automatic (AM-S6),43.6,114.9618,52,123.0027,Audi,A3 e-tron,Compact Cars,2017,,1500,T,,Plug-in Hybrid,Electricity,16,80 kW DCPM,VGA,,0,,Y,42,46,44
1.23807953,0.18,0,5,36,36.1399,118,118.125,0,29,0.896,29,-1,0,29,35,34.8551,111,110.6026,30,0,0.888,2,0.6,Rear-Wheel Drive,103,PHEV; 94 Amp-hour battery,10,1250,600,Premium Gas or Electricity,Premium Gasoline,10,-1,33,33.4036,103,102.6157,0,32,0.877,0,0,38229,0,15,N,FALSE,0,84,0,0,103.03,0,90.55,Automatic (A1),49.2,168.8,48.4,147,BMW,i3 REX  (94 Amp-hour battery),Subcompact Cars,2017,,3500,,,Plug-in Hybrid,Electricity,97,125kW AC Induction,BMX,,0,,Y,95,81,88
7.354658294,4.336973684,0,2,28,28.1135,80,79.5972,0,45,0.368,199,-1,0,199,28,28.4624,76,76.1755,43,0.1,0.374,3,1.5,All-Wheel Drive,108,SIDI; PHEV,8,1550,0,Premium and Electricity,Premium Gasoline,10,-1,29,28.8888,72,72.3731,0.2,41,0.381,0,0,38230,5,0,N,TRUE,81,0,0,0,14.73,0,15.43,Automatic 6-spd,38.4,113.7,46.4,103,BMW,i8,Subcompact Cars,2017,,500,T,,Plug-in Hybrid,Electricity,15,96kW AC Induction,BMX,,0,,Y,37,38,37
3.635100053,3.200097087,0,2.7,38,37.8532,103,102.517,0,33,0.568,97,-1,0,97,40,39.9504,103,103.3022,33,0,0.572,4,2,Front-Wheel Drive,25,SIDI; PHEV,10,900,0,Regular Gas and Electricity,Regular Gasoline,10,-1,43,42.8521,104,104.2785,0,32,0.576,0,0,38406,0,10,N,TRUE,0,105,0,0,28.41,0,29.13,Automatic (AM6),54.2,146.4,60.4,149,Kia,Optima Plug-in Hybrid,Midsize Cars,2017,,3000,,,Plug-in Hybrid,Electricity,29,50kW IPMSM,KMX,,0,,Y,58,65,61
0.18,0,0,6,124,123.55,0,0,0,27.2805,0,0,-1,0,0,112,112.3924,0,0,29.9887,0,0,,,Front-Wheel Drive,902,,10,600,0,Electricity,Electricity,10,-1,101,101.22,0,0,0,33.2988,0,24,92,38428,0,0,N,FALSE,0,0,107,116,0,95,0,Automatic (A1),176.5,0,144.6,0,Nissan,Leaf,Midsize Cars,2017,,3750,,,EV,,,80 kW DCPM,NSX,6.6 kW charger,0,,N,0,0,0
0.15,0,0,4,150,150,0,0,0,22,0,0,-1,0,0,136,136,0,0,25,0,0,,,Front-Wheel Drive,49,,10,500,0,Electricity,Electricity,10,-1,122,122,0,0,0,28,0,0,0,38431,0,23,N,FALSE,0,96,124,135.4,0,110,0,Automatic (A1),224.8,0,182.7,0,Hyundai,Ioniq Electric,Midsize Cars,2017,,4250,,,EV,,,88 kW AC PMSM,HYX,,0,,N,0,0,0
10.86146565,7.665348837,0,1.9,20,19.8643,38,37.95,0.6,69,0.313,296,-1,0,296,21,21.1179,43,42.5769,69,0.3,0.308,6,3,4-Wheel Drive,333,SIDI; PHEV,5,2050,0,Premium and Electricity,Premium Gasoline,7,-1,23,22.883,50,50.0324,0,68,0.301,0,0,38459,0,0,N,TRUE,0,0,0,0,11.96,0,11.38,Automatic 7-spd,26.9,52.1,32.3,71,Mercedes-Benz,GLE550e 4matic,Standard Sport Utility Vehicle 4WD,2017,,-2500,T,,Plug-in Hybrid,Electricity,12,85 kW DCPM,MBX,,0,,Y,24,27,25
8.2541804,5.682931034,0,1.9,24,23.5,54,53.924,0,63,0.336,229,-1,0,229,26,25.9,58,57.5844,59,0,0.352,6,3,Rear-Wheel Drive,201,SIDI; PHEV,7,1650,0,Premium and Electricity,Premium Gasoline,9,-1,30,29.6,63,62.7941,0,54,0.37,0,0,38460,0,9,N,TRUE,0,112,0,0,13.08,0,14.87,Automatic 7-spd,30.2,75.8,42.3,90,Mercedes-Benz,S550e,Large Cars,2017,,-500,T,,Plug-in Hybrid,Electricity,14,85 kW DCPM,MBX,,0,,Y,28,36,31
4.048550748,3.923928571,0,2,32,32.0636,89,89.2017,0,38,0.64,106,-1,0,106,32,32.3133,84,84.0424,40,0,0.617,6,3.6,Front-Wheel Drive,539,PHEV,10,1100,0,Regular Gas and Electricity,Regular Gasoline,10,-1,33,32.6238,78,78.4935,0,43,0.586,0,0,38491,0,0,N,TRUE,0,0,0,0,35.51,0,29.98,Automatic (variable gear ratios),47.2789,127.4,46.8,112,Chrysler,Pacifica Plug-in Hybrid,Minivan - 2WD,2017,,2250,,,Plug-in Hybrid,Electricity,33,65 and 102 kW AC Induction,CRX,,0,,Y,54,49,52
7.884889477,6.462941176,0,1.5,28,28.5,45,45.0168,0.5,57,0.301,215,-1,0,215,30,30.1,51,51.1013,56,0.2,0.299,4,2,Rear-Wheel Drive,102,SIDI; PHEV,8,1450,0,Premium and Electricity,Premium Gasoline,9,-1,32,32.2,61,61.2136,0,55,0.297,0,0,38499,0,10,N,TRUE,0,91,0,0,11.37,0,11.19,Automatic 7-spd,37.4,63.3,46.5,87,Mercedes-Benz,C350e,Compact Cars,2016,,-250,T,,Plug-in Hybrid,Electricity,11,60 kW DCPM,MBX,,0,,Y,32,37,34
0.234,0,0,12,81,81.474,0,0,0,41,0,0,-1,0,0,86,85.7115,0,0,39,0,0,,,All-Wheel Drive,13,,10,750,0,Electricity,Electricity,10,-1,92,91.5298,0,0,0,37,0,26,94,38500,0,0,N,FALSE,0,0,289,276.1,0,305.8,0,Automatic (A1),111,0,124.7,0,Tesla,Model X AWD - P100D,Standard Sport Utility Vehicle 4WD,2016,,3000,,,EV,,,193 (front) 375 (rear) (100 kW-hr battery pack),TSL,standard charger,4.75,80 amp dual charger,N,0,0,0
0.186,0,0,5.5,118,118.44,0,0,0,28,0,0,-1,0,0,107,107.0326,0,0,31,0,0,,,Front-Wheel Drive,240,,10,600,0,Electricity,Electricity,10,-1,96,95.76,0,0,0,35,0,14,91,38505,0,0,N,FALSE,0,0,115,125.8,0,101.7,0,Automatic (A1),169.2,0,136.8,0,Ford,Focus Electric,Compact Cars,2017,,3750,,,EV,,,107 kW AC PMSM,FMX,,0,,N,0,0,0
4.595636089,3.469578947,0,2.5,41,40.6112,104,103.6744,0,33,0.484,122,-1,0,122,39,39.3992,95,95.4005,35,0,0.461,4,2,Front-Wheel Drive,264,PHEV,10,900,0,Regular Gas and Electricity,Regular Gasoline,10,-1,38,38.0126,87,86.922,0,38,0.432,0,0,38506,0,19,N,TRUE,0,100,0,0,21.84,0,18.41,Automatic (variable gear ratios),56.5,148.1,56,124.2,Ford,C-MAX Energi Plug-In Hybrid,Midsize Cars,2017,,2750,,,Plug-in Hybrid,Electricity,20,68 kW DCPM,FMX,,0,,Y,57,50,54
0.192,0,0,12,101,101.475,0,0,0,33,0,0,-1,0,0,104,103.7678,0,0,32,0,0,,,All-Wheel Drive,21,,10,600,0,Electricity,Electricity,10,-1,107,106.7148,0,0,0,32,0,26,94,38523,0,0,N,FALSE,0,0,218,221.1,0,226.9,0,Automatic (A1),137.5,0,144.6,0,Tesla,Model S AWD - 60D,Large Cars,2017,,3750,,,EV,,,193 (front) 193 (rear) (60 kW-hr battery pack),TSL,standard charger,3.75,80 amp dual charger,N,0,0,0
0.198,0,0,12,102,101.7702,0,0,0,33,0,0,-1,0,0,103,103.3343,0,0,33,0,0,,,All-Wheel Drive,61,,10,650,0,Electricity,Electricity,10,-1,105,105.3126,0,0,0,32,0,26,94,38524,0,0,N,FALSE,0,0,259,255,0,264.6,0,Automatic (A1),137.9,0,142.7,0,Tesla,Model S AWD - 75D,Large Cars,2017,,3500,,,EV,,,193 (front) 193 (rear) (75 kW-hr battery pack),TSL,standard charger,4.75,80 amp dual charger,N,0,0,0
0.21,0,0,12,92,92.4713,0,0,0,36,0,0,-1,0,0,98,97.5232,0,0,35,0,0,,,All-Wheel Drive,15,,10,700,0,Electricity,Electricity,10,-1,105,104.5008,0,0,0,32,0,26,94,38525,0,0,N,FALSE,0,0,315,305.9,0,346.9,0,Automatic (A1),125.3,0,141.6,0,Tesla,Model S AWD - P100D,Large Cars,2017,,3250,,,EV,,,193 (front) 375 (rear) (100 kW-hr battery pack),TSL,standard charger,4.75,80 amp dual charger,N,0,0,0
0.216,0,0,12,91,91.2362,0,0,0,37,0,0,-1,0,0,93,92.5663,0,0,36,0,0,,,All-Wheel Drive,12,,10,700,0,Electricity,Electricity,10,-1,94,94.2456,0,0,0,36,0,0,0,38526,0,0,N,FALSE,0,0,200,196.5,0,203.2,0,Automatic (A1),124.3,0,128.4,0,Tesla,Model X AWD - 60D,Standard Sport Utility Vehicle 4WD,2017,,3250,,,EV,,,193 (front) 193 (rear) (60 kW-hr battery pack),TSL,standard charger,4.75,80 amp dual charger,N,0,0,0
0.216,0,0,12,91,91.1628,0,0,0,37,0,0,-1,0,0,93,93.0305,0,0,36,0,0,,,All-Wheel Drive,11,,10,700,0,Electricity,Electricity,10,-1,95,95.42,0,0,0,35,0,0,0,38527,0,0,N,FALSE,0,0,238,233.7,0,242.2,0,Automatic (A1),124.2,0,130,0,Tesla,Model X AWD - 75D,Standard Sport Utility Vehicle 4WD,2017,,3250,,,EV,,,193 (front) 193 (rear) (75 kW-hr battery pack),TSL,standard charger,4.75,80 amp dual charger,N,0,0,0
0.222,0,0,12,90,90.2795,0,0,0,37,0,0,-1,0,0,92,92.084,0,0,37,0,0,,,All-Wheel Drive,9,,10,700,0,Electricity,Electricity,10,-1,94,94.3898,0,0,0,36,0,0,0,38528,0,0,N,FALSE,0,0,257,252.4,0,262.7,0,Automatic (A1),123,0,128.6,0,Tesla,Model X AWD - 90D,Standard Sport Utility Vehicle 4WD,2017,,3250,,,EV,,,193 (front) 193 (rear) (90 kW-hr battery pack),TSL,standard charger,4.75,80 amp dual charger,N,0,0,0
0.228,0,0,12,89,88.5914,0,0,0,38,0,0,-1,0,0,89,89.1811,0,0,38,0,0,,,All-Wheel Drive,10,,10,750,0,Electricity,Electricity,10,-1,90,89.9126,0,0,0,37,0,0,0,38529,0,0,N,FALSE,0,0,250,247.3,0,252.7,0,Automatic (A1),120.7,0,122.5,0,Tesla,Model X AWD - P90D,Standard Sport Utility Vehicle 4WD,2017,,3000,,,EV,,,193 (front) 375 (rear) (90 kW-hr battery pack),TSL,standard charger,4.75,80 amp dual charger,N,0,0,0
0.234,0,0,12,81,81.474,0,0,0,41,0,0,-1,0,0,86,85.7115,0,0,39,0,0,,,All-Wheel Drive,13,,10,750,0,Electricity,Electricity,10,-1,92,91.5298,0,0,0,37,0,0,0,38530,0,0,N,FALSE,0,0,289,276.1,0,305.8,0,Automatic (A1),111,0,124.7,0,Tesla,Model X AWD - P100D,Standard Sport Utility Vehicle 4WD,2017,,3000,,,EV,,,193 (front) 375 (rear) (100 kW-hr battery pack),TSL,standard charger,4.75,80 amp dual charger,N,0,0,0
2.957863087,2.478270677,0,2,55,55.2206,145,145.0835,0,23,0.553,78,-1,0,78,54,54.4329,133,133.2662,25,0,0.529,4,1.8,Front-Wheel Drive,108,PHEV,10,650,0,Regular Gas and Electricity,Regular Gasoline,10,-1,53,53,121,121.2005,0,28,0.498,20,91,38531,0,0,Y,TRUE,0,0,0,0,27.1,0,22.82,Automatic (variable gear ratios),78.8197,207.2622,73.6525,173.1436,Toyota,Prius Prime,Midsize Cars,2017,,4000,,,Plug-in Hybrid,Electricity,25,16 and 37 kW AC Induction,TYX,,0,,Y,83,73,78
0.21,0,0,12,92,91.6596,0,0,0,37,0,0,-1,0,0,95,95.3238,0,0,35,0,0,,,All-Wheel Drive,8,,10,700,0,Electricity,Electricity,10,-1,100,100.2204,0,0,0,34,0,26,94,38537,0,0,N,FALSE,0,0,270,259.4,0,282.9,0,Automatic (A1),124.2,0,135.8,0,Tesla,Model S AWD - P90D,Large Cars,2017,,3250,,,EV,,,193 (front) 375 (rear) (90 kW-hr battery pack),TSL,standard charger,4.75,80 amp dual charger,N,0,0,0
0.168,0,0,5.3,126,125.67,0,0,0,26.8202,0,0,-1,0,0,119,118.6017,0,0,28.4186,0,0,,,Front-Wheel Drive,100,,10,550,0,Electricity,Electricity,10,-1,111,110.973,0,0,0,30.3723,0,17,91,38549,0,0,N,FALSE,0,0,125,130.3,0,117.7,0,Automatic (A1),177,0,156.3,0,Volkswagen,e-Golf,Compact Cars,2017,,4000,,,EV,,,100 kW AC PMSM,VGA,7.2 kW charger,0,3.6 kW charger,N,0,0,0
0.204,0,0,10,98,97.5636,0,0,0,35,0,0,-1,0,0,99,99.0945,0,0,34,0,0,,,Rear-Wheel Drive,2,,10,650,0,Electricity,Electricity,10,-1,101,101.0322,0,0,0,33,0,26,94,38557,0,0,N,FALSE,0,0,210,207.5,0,214.8,0,Automatic (A1),132.2,0,136.9,0,Tesla,Model S (60 kW-hr battery pack),Large Cars,2017,,3500,,,EV,,,285 kW AC Induction (60 kW-hr battery pack),TSL,standard charger,3.75,80 amp dual charger,N,0,0,0
0.204,0,0,12,97,97.4898,0,0,0,35,0,0,-1,0,0,98,98.409,0,0,34,0,0,,,Rear-Wheel Drive,31,,10,650,0,Electricity,Electricity,10,-1,100,99.5562,0,0,0,34,0,26,94,38558,0,0,N,FALSE,0,0,249,246.1,0,252.7,0,Automatic (A1),132.1,0,134.9,0,Tesla,Model S (75 kW-hr battery pack),Large Cars,2017,,3500,,,EV,,,285 kW AC Induction (75 kW-hr battery pack),TSL,standard charger,4.75,80 amp dual charger,N,0,0,0
0.192,0,0,12,102,101.5638,0,0,0,33,0,0,-1,0,0,104,103.8187,0,0,32,0,0,,,All-Wheel Drive,7,,10,600,0,Electricity,Electricity,10,-1,107,106.5402,0,0,0,32,0,26,94,38569,0,0,N,FALSE,0,0,294,286.8,0,302.7,0,Automatic (A1),134.7,0,141.3,0,Tesla,Model S AWD - 90D,Large Cars,2017,,3750,,,EV,,,193 (front) 193 (rear) (90 kW-hr battery pack),TSL,standard charger,4.75,80 amp dual charger,N,0,0,0
0.282,0,0,5,73,73.15,0,0,0,46,0,0,-1,0,0,72,72.2873,0,0,47,0,0,,,Front-Wheel Drive,1,,10,900,0,Electricity,Electricity,10,-1,71,71.26,0,0,0,47,0,16,88,38591,0,0,N,FALSE,0,0,187,188.7,0,184.3,0,Automatic (A1),104.5,0,101.8,0,BYD,e6,Small Sport Utility Vehicle 2WD,2017,,2250,,,EV,,,75 kW AC PMSM,BYD,,0,,N,0,0,0
0.198,0,0,12,101,100.9606,0,0,0,33,0,0,-1,0,0,102,101.5334,0,0,33,0,0,,,All-Wheel Drive,16,,10,650,0,Electricity,Electricity,10,-1,102,102.2424,0,0,0,33,0,26,94,38640,0,0,N,FALSE,0,0,335,333.1,0,337.2,0,Automatic (A1),133.9,0,135.6,0,Tesla,Model S AWD - 100D,Large Cars,2017,,3500,,,EV,,,193 (front) 193 (rear) (90 kW-hr battery pack),TSL,standard charger,4.75,80 amp dual charger,N,0,0,0
5.563419343,5.316290323,0,4.5,23,23.2,56,56.4,0,59,0.561,144,-1,0,144,26,25.5,62,62,54,0,0.592,4,2,Rear-Wheel Drive,212,SIDI; PHEV,9,1650,0,Premium and Electricity,Premium Gasoline,10,-1,29,29.1,71,70.5,0,48,0.626,0,0,38650,0,10,N,TRUE,0,106,0,0,27.76,0,33.94,Automatic (variable gear ratios),31.7,80.2,39.8,100.7,Cadillac,CT6 Plug-In,Midsize Cars,2017,,250,T,,Plug-in Hybrid,Electricity,31,59 and 61kW 3-Phase AC,GMX,,0,,Y,35,45,39
7.147592414,4.577916667,0,2,27,27.3323,70,69.7759,0,47,0.384,193,-1,0,193,29,28.7869,72,72.1701,46,0,0.388,4,2,Rear-Wheel Drive,536,SIDI; PHEV,8,1500,0,Premium and Electricity,Premium Gasoline,10,-1,31,30.7898,75,75.3293,0,45,0.393,0,0,38754,0,10,N,TRUE,0,99,0,0,15.6,0,16.12,Automatic (S8),35.7,99.7,44.2,108,BMW,530e,Compact Cars,2018,,500,T,,Plug-in Hybrid,Electricity,16,83kW DCPM,BMX,,0,,Y,35,40,37
7.326434342,4.919552239,0,2,27,26.7185,66,66.2812,0,48,0.379,200,-1,0,200,28,28.3364,67,67.1312,49,0,0.372,4,2,All-Wheel Drive,537,SIDI; PHEV,8,1550,0,Premium and Electricity,Premium Gasoline,10,-1,31,30.6012,68,68.2003,0,50,0.363,0,0,38755,0,10,N,TRUE,0,99,0,0,15.35,0,14.49,Automatic (S8),34.8,94.7,43.9,97,BMW,530e xDrive,Compact Cars,2018,,250,T,,Plug-in Hybrid,Electricity,15,83kW DCPM,BMX,,0,,Y,34,38,36
8.009330414,5.15015625,0,3,25,24.8563,62,62.0756,0,53,0.356,214,-1,0,214,27,26.7381,64,64.451,52,0,0.362,4,2,All-Wheel Drive,740,SIDI; PHEV,8,1600,0,Premium and Electricity,Premium Gasoline,9,-1,29,29.4644,68,67.613,0,50,0.369,0,0,38770,0,10,N,TRUE,0,114,0,0,14.13,0,14.81,Automatic (S8),32.1,87.6,42.1,97,BMW,740e xDrive,Large Cars,2018,,-250,T,,Plug-in Hybrid,Electricity,14,83kW DCPM,BMX,,0,,Y,31,37,33
8.213427782,5.070923077,0,2,28,28.0461,63,63.3237,0,51,0.327,223,-1,0,223,27,27.445,65,64.5666,51,0,0.322,3,1.5,All-Wheel Drive,90,SIDI; PHEV,8,1600,0,Premium and Electricity,Premium Gasoline,9,-1,27,26.7445,66,66.1536,0,51,0.316,17,95,38863,0,0,N,TRUE,0,0,0,0,12.64,0,12.08,Automatic (S6),35.7,89.6,40.7,95,MINI,Cooper SE Countryman All4,Midsize Cars,2018,,-250,T,,Plug-in Hybrid,Electricity,12,,BMX,,0,,Y,34,33,33
7.884889477,6.462941176,0,1.5,28,28.5,45,45.0168,0.5,57,0.301,215,-1,0,215,30,30.1,51,51.1013,56,0.2,0.299,4,2,Rear-Wheel Drive,102,SIDI; PHEV,8,1450,0,Premium and Electricity,Premium Gasoline,9,-1,32,32.2,61,61.2136,0,55,0.297,0,0,38969,0,10,N,TRUE,0,91,0,0,9.3027,0,9.1555,Automatic 7-spd,37.4,63.3,46.5,87,Mercedes-Benz,C350e,Compact Cars,2017,,-250,T,,Plug-in Hybrid,Electricity,9,60 kW DCPM,MBX,,0,,Y,32,37,34
2.006844186,0.186,0,4,43,42.6,113,113,0,29,0.778,51,-1,0,51,42,42.2,106,106,31,0,0.761,4,1.5,Front-Wheel Drive,10,SIDI; PHEV,10,850,600,Regular Gas or Electricity,Regular Gasoline,10,-1,42,41.8,99,99,0,34,0.737,19,90,39190,0,0,N,FALSE,0,0,0,0,56.78,0,48.89,Automatic (variable gear ratios),58.7,162.1,61.1,141.1,Chevrolet,Volt,Compact Cars,2018,,3500,,,Plug-in Hybrid,Electricity,53,48 and 87 kW 3-Phase AC,GMX,,0,,Y,82,72,77
0.18,0,0,4,126,125.72,0,0,0,27,0,0,-1,0,0,114,114.1174,0,0,30,0,0,,,Front-Wheel Drive,57,,10,600,0,Electricity,Electricity,10,-1,103,102.55,0,0,0,33,0,0,0,39191,0,12,N,FALSE,0,102,89,96.7,0,78.9,0,Automatic (A1),179.6,0,146.5,0,Honda,Clarity,Midsize Cars,2017,,3750,,,EV,,,120 kW AC PMSM,HNX,,0,,N,0,0,0
0.186,0,0,6,124,124,0,0,0,27,0,0,-1,0,0,108,108,0,0,31,0,0,,,Rear-Wheel Drive,704,,10,600,0,Electricity,Electricity,10,-1,94,94,0,0,0,36,0,0,0,39192,0,0,N,FALSE,0,0,58,63,0,51,0,Automatic (A1),182.6,0,138.1,0,smart,fortwo electric drive coupe,Two Seaters,2017,,3750,,,EV,,,60 KW AC Synchronous,MBX,,0,,N,0,0,0
