"Data","Unit","LWscen","Size","Technology","Fuel type","Year","value"
"Absolute fuel consumption improvement","L/100km","BAU","Car","ICEV-G","E10",2016,0
"Absolute fuel consumption improvement","L/100km","BAU","Car","ICEV-G","E10",2017,0.0466007452572099
"Absolute fuel consumption improvement","L/100km","BAU","Car","ICEV-G","E10",2018,-0.0940841698065661
"Absolute fuel consumption improvement","L/100km","BAU","Car","ICEV-G","E10",2019,-0.142510073350126
"Absolute fuel consumption improvement","L/100km","BAU","Car","ICEV-G","E10",2020,-0.145329455362249
"Absolute fuel consumption improvement","L/100km","BAU","Car","ICEV-G","E10",2021,-0.162123310387627
"Absolute fuel consumption improvement","L/100km","BAU","Car","ICEV-G","E10",2022,-0.161133013526928
"Absolute fuel consumption improvement","L/100km","BAU","Car","ICEV-G","E10",2023,-0.28506618912451
"Absolute fuel consumption improvement","L/100km","BAU","Car","ICEV-G","E10",2024,-0.173345890600346
"Absolute fuel consumption improvement","L/100km","BAU","Car","ICEV-G","E10",2025,-0.302211657421239
"Absolute fuel consumption improvement","L/100km","BAU","Car","ICEV-G","E10",2026,-0.00123271850426249
"Absolute fuel consumption improvement","L/100km","BAU","Car","ICEV-G","E10",2027,-0.00970609094526133
"Absolute fuel consumption improvement","L/100km","BAU","Car","ICEV-G","E10",2028,0.00577869691826919
"Absolute fuel consumption improvement","L/100km","BAU","Car","ICEV-G","E10",2029,0.0112545818208824
"Absolute fuel consumption improvement","L/100km","BAU","Car","ICEV-G","E10",2030,0.0152351812088639
"Absolute fuel consumption improvement","L/100km","BAU","Car","ICEV-G","E10",2031,0.0159202159604915
"Absolute fuel consumption improvement","L/100km","BAU","Car","ICEV-G","E10",2032,0.0193141006485203
"Absolute fuel consumption improvement","L/100km","BAU","Car","ICEV-G","E10",2033,0.0198527060312776
"Absolute fuel consumption improvement","L/100km","BAU","Car","ICEV-G","E10",2034,0.0196367064364781
"Absolute fuel consumption improvement","L/100km","BAU","Car","ICEV-G","E10",2035,0.019523751145808
"Absolute fuel consumption improvement","L/100km","BAU","Car","ICEV-G","E10",2036,0.0194961079932138
"Absolute fuel consumption improvement","L/100km","BAU","Car","ICEV-G","E10",2037,0.0187957605859221
"Absolute fuel consumption improvement","L/100km","BAU","Car","ICEV-G","E10",2038,0.0194642237479069
"Absolute fuel consumption improvement","L/100km","BAU","Car","ICEV-G","E10",2039,0.0192715724096302
"Absolute fuel consumption improvement","L/100km","BAU","Car","ICEV-G","E10",2040,0.0198164630760943
"Absolute fuel consumption improvement","L/100km","BAU","Car","ICEV-G","E10",2041,0.0195004247542166
"Absolute fuel consumption improvement","L/100km","BAU","Car","ICEV-G","E10",2042,0.0198499350356073
"Absolute fuel consumption improvement","L/100km","BAU","Car","ICEV-G","E10",2043,0.0202110347647809
"Absolute fuel consumption improvement","L/100km","BAU","Car","ICEV-G","E10",2044,0.0200385252338262
"Absolute fuel consumption improvement","L/100km","BAU","Car","ICEV-G","E10",2045,0.020609728499575
"Absolute fuel consumption improvement","L/100km","BAU","Car","ICEV-G","E10",2046,0.0210757895260533
"Absolute fuel consumption improvement","L/100km","BAU","Car","ICEV-G","E10",2047,0.0209069035641645
"Absolute fuel consumption improvement","L/100km","BAU","Car","ICEV-G","E10",2048,0.0210841948296848
"Absolute fuel consumption improvement","L/100km","BAU","Car","ICEV-G","E10",2049,0.0214926193181398
"Absolute fuel consumption improvement","L/100km","BAU","Car","ICEV-G","E10",2050,0.0218228051052866
"Absolute fuel consumption improvement","L/100km","BAU","Light truck","ICEV-G","E10",2016,0
"Absolute fuel consumption improvement","L/100km","BAU","Light truck","ICEV-G","E10",2017,-0.13674397459316
"Absolute fuel consumption improvement","L/100km","BAU","Light truck","ICEV-G","E10",2018,-0.179409377918551
"Absolute fuel consumption improvement","L/100km","BAU","Light truck","ICEV-G","E10",2019,-0.157282303995695
"Absolute fuel consumption improvement","L/100km","BAU","Light truck","ICEV-G","E10",2020,-0.283832918154836
"Absolute fuel consumption improvement","L/100km","BAU","Light truck","ICEV-G","E10",2021,-0.425632360107995
"Absolute fuel consumption improvement","L/100km","BAU","Light truck","ICEV-G","E10",2022,-0.315673800687952
"Absolute fuel consumption improvement","L/100km","BAU","Light truck","ICEV-G","E10",2023,-0.196369671748497
"Absolute fuel consumption improvement","L/100km","BAU","Light truck","ICEV-G","E10",2024,-0.409770667632761
"Absolute fuel consumption improvement","L/100km","BAU","Light truck","ICEV-G","E10",2025,-0.280024254726045
"Absolute fuel consumption improvement","L/100km","BAU","Light truck","ICEV-G","E10",2026,0.00509480670933967
"Absolute fuel consumption improvement","L/100km","BAU","Light truck","ICEV-G","E10",2027,0.00191823003235307
"Absolute fuel consumption improvement","L/100km","BAU","Light truck","ICEV-G","E10",2028,0.00512177481128263
"Absolute fuel consumption improvement","L/100km","BAU","Light truck","ICEV-G","E10",2029,0.00544160209434309
"Absolute fuel consumption improvement","L/100km","BAU","Light truck","ICEV-G","E10",2030,0.00530897516091146
"Absolute fuel consumption improvement","L/100km","BAU","Light truck","ICEV-G","E10",2031,0.0153748751014698
"Absolute fuel consumption improvement","L/100km","BAU","Light truck","ICEV-G","E10",2032,0.0184247858881876
"Absolute fuel consumption improvement","L/100km","BAU","Light truck","ICEV-G","E10",2033,0.0191268913163574
"Absolute fuel consumption improvement","L/100km","BAU","Light truck","ICEV-G","E10",2034,0.0186253801677672
"Absolute fuel consumption improvement","L/100km","BAU","Light truck","ICEV-G","E10",2035,0.018663885910122
"Absolute fuel consumption improvement","L/100km","BAU","Light truck","ICEV-G","E10",2036,0.0186750882447239
"Absolute fuel consumption improvement","L/100km","BAU","Light truck","ICEV-G","E10",2037,0.0178887540186904
"Absolute fuel consumption improvement","L/100km","BAU","Light truck","ICEV-G","E10",2038,0.0189634742251745
"Absolute fuel consumption improvement","L/100km","BAU","Light truck","ICEV-G","E10",2039,0.0190167803082072
"Absolute fuel consumption improvement","L/100km","BAU","Light truck","ICEV-G","E10",2040,0.0197580656762581
"Absolute fuel consumption improvement","L/100km","BAU","Light truck","ICEV-G","E10",2041,0.0196558539022415
"Absolute fuel consumption improvement","L/100km","BAU","Light truck","ICEV-G","E10",2042,0.0199555970751943
"Absolute fuel consumption improvement","L/100km","BAU","Light truck","ICEV-G","E10",2043,0.0204332523250211
"Absolute fuel consumption improvement","L/100km","BAU","Light truck","ICEV-G","E10",2044,0.0204714160654632
"Absolute fuel consumption improvement","L/100km","BAU","Light truck","ICEV-G","E10",2045,0.0204272220693949
"Absolute fuel consumption improvement","L/100km","BAU","Light truck","ICEV-G","E10",2046,0.00725338192107398
"Absolute fuel consumption improvement","L/100km","BAU","Light truck","ICEV-G","E10",2047,0.00428281099257631
"Absolute fuel consumption improvement","L/100km","BAU","Light truck","ICEV-G","E10",2048,0.00669873961951398
"Absolute fuel consumption improvement","L/100km","BAU","Light truck","ICEV-G","E10",2049,0.00680082866726317
"Absolute fuel consumption improvement","L/100km","BAU","Light truck","ICEV-G","E10",2050,-0.0208421763927383
"Absolute fuel consumption improvement","kWh/100km","BAU","Car","BEV100","Electricity",2016,0
"Absolute fuel consumption improvement","kWh/100km","BAU","Car","BEV100","Electricity",2017,-0.0381756591381807
"Absolute fuel consumption improvement","kWh/100km","BAU","Car","BEV100","Electricity",2018,-0.0726285693390182
"Absolute fuel consumption improvement","kWh/100km","BAU","Car","BEV100","Electricity",2019,-0.135035239548383
"Absolute fuel consumption improvement","kWh/100km","BAU","Car","BEV100","Electricity",2020,-0.101879959777075
"Absolute fuel consumption improvement","kWh/100km","BAU","Car","BEV100","Electricity",2021,-0.104230009881232
"Absolute fuel consumption improvement","kWh/100km","BAU","Car","BEV100","Electricity",2022,-0.141364531431925
"Absolute fuel consumption improvement","kWh/100km","BAU","Car","BEV100","Electricity",2023,-0.243138939495011
"Absolute fuel consumption improvement","kWh/100km","BAU","Car","BEV100","Electricity",2024,-0.108662404103557
"Absolute fuel consumption improvement","kWh/100km","BAU","Car","BEV100","Electricity",2025,-0.274216982983578
"Absolute fuel consumption improvement","kWh/100km","BAU","Car","BEV100","Electricity",2026,-0.000572440276887081
"Absolute fuel consumption improvement","kWh/100km","BAU","Car","BEV100","Electricity",2027,-0.00286636388565565
"Absolute fuel consumption improvement","kWh/100km","BAU","Car","BEV100","Electricity",2028,-0.0018564366959533
"Absolute fuel consumption improvement","kWh/100km","BAU","Car","BEV100","Electricity",2029,-0.000882838353706454
"Absolute fuel consumption improvement","kWh/100km","BAU","Car","BEV100","Electricity",2030,0.000108278343611885
"Absolute fuel consumption improvement","kWh/100km","BAU","Car","BEV100","Electricity",2031,0.000120155732412235
"Absolute fuel consumption improvement","kWh/100km","BAU","Car","BEV100","Electricity",2032,0.000103169264543079
"Absolute fuel consumption improvement","kWh/100km","BAU","Car","BEV100","Electricity",2033,8.24707190725484e-05
"Absolute fuel consumption improvement","kWh/100km","BAU","Car","BEV100","Electricity",2034,6.29258512468263e-05
"Absolute fuel consumption improvement","kWh/100km","BAU","Car","BEV100","Electricity",2035,4.3380403408139e-05
"Absolute fuel consumption improvement","kWh/100km","BAU","Car","BEV100","Electricity",2036,3.08447738092022e-05
"Absolute fuel consumption improvement","kWh/100km","BAU","Car","BEV100","Electricity",2037,1.94635913867147e-05
"Absolute fuel consumption improvement","kWh/100km","BAU","Car","BEV100","Electricity",2038,1.26249542894855e-05
"Absolute fuel consumption improvement","kWh/100km","BAU","Car","BEV100","Electricity",2039,0
"Absolute fuel consumption improvement","kWh/100km","BAU","Car","BEV100","Electricity",2040,0
"Absolute fuel consumption improvement","kWh/100km","BAU","Car","BEV100","Electricity",2041,1.23687059003959e-06
"Absolute fuel consumption improvement","kWh/100km","BAU","Car","BEV100","Electricity",2042,-4.37346538639212e-06
"Absolute fuel consumption improvement","kWh/100km","BAU","Car","BEV100","Electricity",2043,-5.02265036888587e-06
"Absolute fuel consumption improvement","kWh/100km","BAU","Car","BEV100","Electricity",2044,-3.39789031095042e-05
"Absolute fuel consumption improvement","kWh/100km","BAU","Car","BEV100","Electricity",2045,-1.57512689389105e-05
"Absolute fuel consumption improvement","kWh/100km","BAU","Car","BEV100","Electricity",2046,-1.00623523331515e-05
"Absolute fuel consumption improvement","kWh/100km","BAU","Car","BEV100","Electricity",2047,-6.26974725154214e-06
"Absolute fuel consumption improvement","kWh/100km","BAU","Car","BEV100","Electricity",2048,-4.45886493758098e-06
"Absolute fuel consumption improvement","kWh/100km","BAU","Car","BEV100","Electricity",2049,0
"Absolute fuel consumption improvement","kWh/100km","BAU","Car","BEV100","Electricity",2050,0
"Absolute fuel consumption improvement","kWh/100km","BAU","Light truck","BEV100","Electricity",2016,0
"Absolute fuel consumption improvement","kWh/100km","BAU","Light truck","BEV100","Electricity",2017,-0.0470085824357956
"Absolute fuel consumption improvement","kWh/100km","BAU","Light truck","BEV100","Electricity",2018,-0.089433061957338
"Absolute fuel consumption improvement","kWh/100km","BAU","Light truck","BEV100","Electricity",2019,-0.166279124797059
"Absolute fuel consumption improvement","kWh/100km","BAU","Light truck","BEV100","Electricity",2020,-0.125452515971003
"Absolute fuel consumption improvement","kWh/100km","BAU","Light truck","BEV100","Electricity",2021,-0.128346310774902
"Absolute fuel consumption improvement","kWh/100km","BAU","Light truck","BEV100","Electricity",2022,-0.17407286159125
"Absolute fuel consumption improvement","kWh/100km","BAU","Light truck","BEV100","Electricity",2023,-0.299395403737037
"Absolute fuel consumption improvement","kWh/100km","BAU","Light truck","BEV100","Electricity",2024,-0.133804253712676
"Absolute fuel consumption improvement","kWh/100km","BAU","Light truck","BEV100","Electricity",2025,-0.337664154094105
"Absolute fuel consumption improvement","kWh/100km","BAU","Light truck","BEV100","Electricity",2026,-0.000704889098265833
"Absolute fuel consumption improvement","kWh/100km","BAU","Light truck","BEV100","Electricity",2027,-0.00352957109455824
"Absolute fuel consumption improvement","kWh/100km","BAU","Light truck","BEV100","Electricity",2028,-0.00228597120334399
"Absolute fuel consumption improvement","kWh/100km","BAU","Light truck","BEV100","Electricity",2029,-0.0010871057753705
"Absolute fuel consumption improvement","kWh/100km","BAU","Light truck","BEV100","Electricity",2030,0.000133331330921279
"Absolute fuel consumption improvement","kWh/100km","BAU","Light truck","BEV100","Electricity",2031,0.000147956859940235
"Absolute fuel consumption improvement","kWh/100km","BAU","Light truck","BEV100","Electricity",2032,0.000127040134645985
"Absolute fuel consumption improvement","kWh/100km","BAU","Light truck","BEV100","Electricity",2033,0.000101552446862244
"Absolute fuel consumption improvement","kWh/100km","BAU","Light truck","BEV100","Electricity",2034,7.74853697999571e-05
"Absolute fuel consumption improvement","kWh/100km","BAU","Light truck","BEV100","Electricity",2035,5.34175785237471e-05
"Absolute fuel consumption improvement","kWh/100km","BAU","Light truck","BEV100","Electricity",2036,3.79815077213215e-05
"Absolute fuel consumption improvement","kWh/100km","BAU","Light truck","BEV100","Electricity",2037,2.39669952229834e-05
"Absolute fuel consumption improvement","kWh/100km","BAU","Light truck","BEV100","Electricity",2038,1.55460630638299e-05
"Absolute fuel consumption improvement","kWh/100km","BAU","Light truck","BEV100","Electricity",2039,0
"Absolute fuel consumption improvement","kWh/100km","BAU","Light truck","BEV100","Electricity",2040,0
"Absolute fuel consumption improvement","kWh/100km","BAU","Light truck","BEV100","Electricity",2041,1.52305250012398e-06
"Absolute fuel consumption improvement","kWh/100km","BAU","Light truck","BEV100","Electricity",2042,-5.3853793958647e-06
"Absolute fuel consumption improvement","kWh/100km","BAU","Light truck","BEV100","Electricity",2043,-6.18477006663683e-06
"Absolute fuel consumption improvement","kWh/100km","BAU","Light truck","BEV100","Electricity",2044,-4.18407986649149e-05
"Absolute fuel consumption improvement","kWh/100km","BAU","Light truck","BEV100","Electricity",2045,-1.93957312355248e-05
"Absolute fuel consumption improvement","kWh/100km","BAU","Light truck","BEV100","Electricity",2046,-1.23905370550077e-05
"Absolute fuel consumption improvement","kWh/100km","BAU","Light truck","BEV100","Electricity",2047,-7.72041497591198e-06
"Absolute fuel consumption improvement","kWh/100km","BAU","Light truck","BEV100","Electricity",2048,-5.49053833568839e-06
"Absolute fuel consumption improvement","kWh/100km","BAU","Light truck","BEV100","Electricity",2049,0
"Absolute fuel consumption improvement","kWh/100km","BAU","Light truck","BEV100","Electricity",2050,0
"Absolute fuel consumption improvement","kWh/100km","BAU","Car","BEV300","Electricity",2016,0
"Absolute fuel consumption improvement","kWh/100km","BAU","Car","BEV300","Electricity",2017,-0.0773168737781064
"Absolute fuel consumption improvement","kWh/100km","BAU","Car","BEV300","Electricity",2018,-0.134765081526449
"Absolute fuel consumption improvement","kWh/100km","BAU","Car","BEV300","Electricity",2019,-0.163218027928109
"Absolute fuel consumption improvement","kWh/100km","BAU","Car","BEV300","Electricity",2020,-0.175145117307727
"Absolute fuel consumption improvement","kWh/100km","BAU","Car","BEV300","Electricity",2021,-0.203027506875553
"Absolute fuel consumption improvement","kWh/100km","BAU","Car","BEV300","Electricity",2022,-0.248380655213446
"Absolute fuel consumption improvement","kWh/100km","BAU","Car","BEV300","Electricity",2023,-0.262326261587677
"Absolute fuel consumption improvement","kWh/100km","BAU","Car","BEV300","Electricity",2024,-0.227928433222813
"Absolute fuel consumption improvement","kWh/100km","BAU","Car","BEV300","Electricity",2025,-0.093055710785325
"Absolute fuel consumption improvement","kWh/100km","BAU","Car","BEV300","Electricity",2026,-0.000457155516863674
"Absolute fuel consumption improvement","kWh/100km","BAU","Car","BEV300","Electricity",2027,-0.000443508331020883
"Absolute fuel consumption improvement","kWh/100km","BAU","Car","BEV300","Electricity",2028,0.000257762167291671
"Absolute fuel consumption improvement","kWh/100km","BAU","Car","BEV300","Electricity",2029,0.0001527975356056
"Absolute fuel consumption improvement","kWh/100km","BAU","Car","BEV300","Electricity",2030,2.7528879383747e-05
"Absolute fuel consumption improvement","kWh/100km","BAU","Car","BEV300","Electricity",2031,4.25448050920192e-05
"Absolute fuel consumption improvement","kWh/100km","BAU","Car","BEV300","Electricity",2032,8.80098305058594e-05
"Absolute fuel consumption improvement","kWh/100km","BAU","Car","BEV300","Electricity",2033,8.06416204473622e-05
"Absolute fuel consumption improvement","kWh/100km","BAU","Car","BEV300","Electricity",2034,3.48986475026762e-05
"Absolute fuel consumption improvement","kWh/100km","BAU","Car","BEV300","Electricity",2035,3.40645507139113e-05
"Absolute fuel consumption improvement","kWh/100km","BAU","Car","BEV300","Electricity",2036,2.1123662088109e-05
"Absolute fuel consumption improvement","kWh/100km","BAU","Car","BEV300","Electricity",2037,3.1938831492457e-06
"Absolute fuel consumption improvement","kWh/100km","BAU","Car","BEV300","Electricity",2038,-2.08593640062327e-06
"Absolute fuel consumption improvement","kWh/100km","BAU","Car","BEV300","Electricity",2039,-6.38776661979596e-06
"Absolute fuel consumption improvement","kWh/100km","BAU","Car","BEV300","Electricity",2040,-3.71232658825447e-05
"Absolute fuel consumption improvement","kWh/100km","BAU","Car","BEV300","Electricity",2041,-4.4631237209155e-05
"Absolute fuel consumption improvement","kWh/100km","BAU","Car","BEV300","Electricity",2042,-4.97754809974567e-05
"Absolute fuel consumption improvement","kWh/100km","BAU","Car","BEV300","Electricity",2043,-0.000104972375070071
"Absolute fuel consumption improvement","kWh/100km","BAU","Car","BEV300","Electricity",2044,-0.000117762245212761
"Absolute fuel consumption improvement","kWh/100km","BAU","Car","BEV300","Electricity",2045,-1.37665129970008e-05
"Absolute fuel consumption improvement","kWh/100km","BAU","Car","BEV300","Electricity",2046,-4.57417989483364e-05
"Absolute fuel consumption improvement","kWh/100km","BAU","Car","BEV300","Electricity",2047,-3.0726113204372e-05
"Absolute fuel consumption improvement","kWh/100km","BAU","Car","BEV300","Electricity",2048,-1.37664566004851e-05
"Absolute fuel consumption improvement","kWh/100km","BAU","Car","BEV300","Electricity",2049,7.37881612609705e-06
"Absolute fuel consumption improvement","kWh/100km","BAU","Car","BEV300","Electricity",2050,0
"Absolute fuel consumption improvement","kWh/100km","BAU","Light truck","BEV300","Electricity",2016,0
"Absolute fuel consumption improvement","kWh/100km","BAU","Light truck","BEV300","Electricity",2017,-0.231030503874663
"Absolute fuel consumption improvement","kWh/100km","BAU","Light truck","BEV300","Electricity",2018,-0.288352278549056
"Absolute fuel consumption improvement","kWh/100km","BAU","Light truck","BEV300","Electricity",2019,-0.197840328970128
"Absolute fuel consumption improvement","kWh/100km","BAU","Light truck","BEV300","Electricity",2020,-0.239030570460691
"Absolute fuel consumption improvement","kWh/100km","BAU","Light truck","BEV300","Electricity",2021,-0.441036091328469
"Absolute fuel consumption improvement","kWh/100km","BAU","Light truck","BEV300","Electricity",2022,-0.290248097760003
"Absolute fuel consumption improvement","kWh/100km","BAU","Light truck","BEV300","Electricity",2023,-0.190244806767821
"Absolute fuel consumption improvement","kWh/100km","BAU","Light truck","BEV300","Electricity",2024,-0.26259961350141
"Absolute fuel consumption improvement","kWh/100km","BAU","Light truck","BEV300","Electricity",2025,-0.122003434907767
"Absolute fuel consumption improvement","kWh/100km","BAU","Light truck","BEV300","Electricity",2026,-0.00340151539314616
"Absolute fuel consumption improvement","kWh/100km","BAU","Light truck","BEV300","Electricity",2027,-0.00358371416151635
"Absolute fuel consumption improvement","kWh/100km","BAU","Light truck","BEV300","Electricity",2028,-0.00482332760810258
"Absolute fuel consumption improvement","kWh/100km","BAU","Light truck","BEV300","Electricity",2029,-0.00625627744396039
"Absolute fuel consumption improvement","kWh/100km","BAU","Light truck","BEV300","Electricity",2030,-0.00708703005527426
"Absolute fuel consumption improvement","kWh/100km","BAU","Light truck","BEV300","Electricity",2031,-0.00594614506904089
"Absolute fuel consumption improvement","kWh/100km","BAU","Light truck","BEV300","Electricity",2032,-0.0031396448822217
"Absolute fuel consumption improvement","kWh/100km","BAU","Light truck","BEV300","Electricity",2033,-0.00570483662953931
"Absolute fuel consumption improvement","kWh/100km","BAU","Light truck","BEV300","Electricity",2034,-0.00580225527011653
"Absolute fuel consumption improvement","kWh/100km","BAU","Light truck","BEV300","Electricity",2035,-0.00487495660605045
"Absolute fuel consumption improvement","kWh/100km","BAU","Light truck","BEV300","Electricity",2036,-0.00406183062140205
"Absolute fuel consumption improvement","kWh/100km","BAU","Light truck","BEV300","Electricity",2037,-0.00333617687943694
"Absolute fuel consumption improvement","kWh/100km","BAU","Light truck","BEV300","Electricity",2038,-0.00330320334790995
"Absolute fuel consumption improvement","kWh/100km","BAU","Light truck","BEV300","Electricity",2039,-0.00166030341296422
"Absolute fuel consumption improvement","kWh/100km","BAU","Light truck","BEV300","Electricity",2040,-0.00344462680761376
"Absolute fuel consumption improvement","kWh/100km","BAU","Light truck","BEV300","Electricity",2041,-0.00165648812691726
"Absolute fuel consumption improvement","kWh/100km","BAU","Light truck","BEV300","Electricity",2042,-0.00142362082893668
"Absolute fuel consumption improvement","kWh/100km","BAU","Light truck","BEV300","Electricity",2043,-0.00167729516631209
"Absolute fuel consumption improvement","kWh/100km","BAU","Light truck","BEV300","Electricity",2044,-0.00178173537949066
"Absolute fuel consumption improvement","kWh/100km","BAU","Light truck","BEV300","Electricity",2045,-0.000164045244434861
"Absolute fuel consumption improvement","kWh/100km","BAU","Light truck","BEV300","Electricity",2046,-0.0158615871312194
"Absolute fuel consumption improvement","kWh/100km","BAU","Light truck","BEV300","Electricity",2047,-0.000535281763958656
"Absolute fuel consumption improvement","kWh/100km","BAU","Light truck","BEV300","Electricity",2048,-0.000304699627289957
"Absolute fuel consumption improvement","kWh/100km","BAU","Light truck","BEV300","Electricity",2049,0
"Absolute fuel consumption improvement","kWh/100km","BAU","Light truck","BEV300","Electricity",2050,-0.0382099751119573
"Absolute fuel consumption improvement","L/100km","BAU","Car","FFV","E85",2016,0
"Absolute fuel consumption improvement","L/100km","BAU","Car","FFV","E85",2017,0.0662364263972729
"Absolute fuel consumption improvement","L/100km","BAU","Car","FFV","E85",2018,-0.131935204074419
"Absolute fuel consumption improvement","L/100km","BAU","Car","FFV","E85",2019,-0.203462248261168
"Absolute fuel consumption improvement","L/100km","BAU","Car","FFV","E85",2020,-0.206899277934694
"Absolute fuel consumption improvement","L/100km","BAU","Car","FFV","E85",2021,-0.230468538089106
"Absolute fuel consumption improvement","L/100km","BAU","Car","FFV","E85",2022,-0.228393544926956
"Absolute fuel consumption improvement","L/100km","BAU","Car","FFV","E85",2023,-0.402721986210097
"Absolute fuel consumption improvement","L/100km","BAU","Car","FFV","E85",2024,-0.243062142709632
"Absolute fuel consumption improvement","L/100km","BAU","Car","FFV","E85",2025,-0.434123913237663
"Absolute fuel consumption improvement","L/100km","BAU","Car","FFV","E85",2026,-0.0010828272991413
"Absolute fuel consumption improvement","L/100km","BAU","Car","FFV","E85",2027,-0.0204572286536207
"Absolute fuel consumption improvement","L/100km","BAU","Car","FFV","E85",2028,0.00702464667910496
"Absolute fuel consumption improvement","L/100km","BAU","Car","FFV","E85",2029,0.0153002096858978
"Absolute fuel consumption improvement","L/100km","BAU","Car","FFV","E85",2030,0.0216688981203984
"Absolute fuel consumption improvement","L/100km","BAU","Car","FFV","E85",2031,0.0223503453626829
"Absolute fuel consumption improvement","L/100km","BAU","Car","FFV","E85",2032,0.027056160934631
"Absolute fuel consumption improvement","L/100km","BAU","Car","FFV","E85",2033,0.02793695443874
"Absolute fuel consumption improvement","L/100km","BAU","Car","FFV","E85",2034,0.0277164786659845
"Absolute fuel consumption improvement","L/100km","BAU","Car","FFV","E85",2035,0.0275580130427765
"Absolute fuel consumption improvement","L/100km","BAU","Car","FFV","E85",2036,0.0275195102799877
"Absolute fuel consumption improvement","L/100km","BAU","Car","FFV","E85",2037,0.0264955162548755
"Absolute fuel consumption improvement","L/100km","BAU","Car","FFV","E85",2038,0.027470173674625
"Absolute fuel consumption improvement","L/100km","BAU","Car","FFV","E85",2039,0.0271800954518577
"Absolute fuel consumption improvement","L/100km","BAU","Car","FFV","E85",2040,0.0279877213877184
"Absolute fuel consumption improvement","L/100km","BAU","Car","FFV","E85",2041,0.0279968800303328
"Absolute fuel consumption improvement","L/100km","BAU","Car","FFV","E85",2042,0.0280317990324872
"Absolute fuel consumption improvement","L/100km","BAU","Car","FFV","E85",2043,0.0285863770022023
"Absolute fuel consumption improvement","L/100km","BAU","Car","FFV","E85",2044,0.0286948985915988
"Absolute fuel consumption improvement","L/100km","BAU","Car","FFV","E85",2045,0.0290839378980634
"Absolute fuel consumption improvement","L/100km","BAU","Car","FFV","E85",2046,0.0297527538269652
"Absolute fuel consumption improvement","L/100km","BAU","Car","FFV","E85",2047,0.0294628883917301
"Absolute fuel consumption improvement","L/100km","BAU","Car","FFV","E85",2048,0.0296899949432729
"Absolute fuel consumption improvement","L/100km","BAU","Car","FFV","E85",2049,0.0302515032239907
"Absolute fuel consumption improvement","L/100km","BAU","Car","FFV","E85",2050,0.0307178023686449
"Absolute fuel consumption improvement","L/100km","BAU","Light truck","FFV","E85",2016,0
"Absolute fuel consumption improvement","L/100km","BAU","Light truck","FFV","E85",2017,-0.201321956058444
"Absolute fuel consumption improvement","L/100km","BAU","Light truck","FFV","E85",2018,-0.257008859357418
"Absolute fuel consumption improvement","L/100km","BAU","Light truck","FFV","E85",2019,-0.227967557299786
"Absolute fuel consumption improvement","L/100km","BAU","Light truck","FFV","E85",2020,-0.413002483589033
"Absolute fuel consumption improvement","L/100km","BAU","Light truck","FFV","E85",2021,-0.618725137552213
"Absolute fuel consumption improvement","L/100km","BAU","Light truck","FFV","E85",2022,-0.457804604024678
"Absolute fuel consumption improvement","L/100km","BAU","Light truck","FFV","E85",2023,-0.279862471615204
"Absolute fuel consumption improvement","L/100km","BAU","Light truck","FFV","E85",2024,-0.59100960821875
"Absolute fuel consumption improvement","L/100km","BAU","Light truck","FFV","E85",2025,-0.420506324323426
"Absolute fuel consumption improvement","L/100km","BAU","Light truck","FFV","E85",2026,0.00769086302487201
"Absolute fuel consumption improvement","L/100km","BAU","Light truck","FFV","E85",2027,0.00356520976474825
"Absolute fuel consumption improvement","L/100km","BAU","Light truck","FFV","E85",2028,0.007529347831333
"Absolute fuel consumption improvement","L/100km","BAU","Light truck","FFV","E85",2029,0.00811368827313039
"Absolute fuel consumption improvement","L/100km","BAU","Light truck","FFV","E85",2030,0.00800448427488891
"Absolute fuel consumption improvement","L/100km","BAU","Light truck","FFV","E85",2031,0.00808192991666508
"Absolute fuel consumption improvement","L/100km","BAU","Light truck","FFV","E85",2032,0.0261664743901842
"Absolute fuel consumption improvement","L/100km","BAU","Light truck","FFV","E85",2033,0.0277598241439054
"Absolute fuel consumption improvement","L/100km","BAU","Light truck","FFV","E85",2034,0.0271290340673715
"Absolute fuel consumption improvement","L/100km","BAU","Light truck","FFV","E85",2035,0.0272276913722334
"Absolute fuel consumption improvement","L/100km","BAU","Light truck","FFV","E85",2036,0.0271639256635272
"Absolute fuel consumption improvement","L/100km","BAU","Light truck","FFV","E85",2037,0.02564353384522
"Absolute fuel consumption improvement","L/100km","BAU","Light truck","FFV","E85",2038,0.0272176128698496
"Absolute fuel consumption improvement","L/100km","BAU","Light truck","FFV","E85",2039,0.0275518865243495
"Absolute fuel consumption improvement","L/100km","BAU","Light truck","FFV","E85",2040,0.0287550436307906
"Absolute fuel consumption improvement","L/100km","BAU","Light truck","FFV","E85",2041,0.0286074075870214
"Absolute fuel consumption improvement","L/100km","BAU","Light truck","FFV","E85",2042,0.0290571815054688
"Absolute fuel consumption improvement","L/100km","BAU","Light truck","FFV","E85",2043,0.0297818142337616
"Absolute fuel consumption improvement","L/100km","BAU","Light truck","FFV","E85",2044,0.0299557684613387
"Absolute fuel consumption improvement","L/100km","BAU","Light truck","FFV","E85",2045,0.0297955365024764
"Absolute fuel consumption improvement","L/100km","BAU","Light truck","FFV","E85",2046,0.0114229797870592
"Absolute fuel consumption improvement","L/100km","BAU","Light truck","FFV","E85",2047,0.00645086172966813
"Absolute fuel consumption improvement","L/100km","BAU","Light truck","FFV","E85",2048,0.0102071633530715
"Absolute fuel consumption improvement","L/100km","BAU","Light truck","FFV","E85",2049,0.0103714544943403
"Absolute fuel consumption improvement","L/100km","BAU","Light truck","FFV","E85",2050,-0.0310501290217358
"Absolute fuel consumption improvement","L/100km","BAU","Car","ICEV-D","Diesel",2016,0
"Absolute fuel consumption improvement","L/100km","BAU","Car","ICEV-D","Diesel",2017,0.00898824676328636
"Absolute fuel consumption improvement","L/100km","BAU","Car","ICEV-D","Diesel",2018,-0.0481335296581659
"Absolute fuel consumption improvement","L/100km","BAU","Car","ICEV-D","Diesel",2019,-0.0895039126041098
"Absolute fuel consumption improvement","L/100km","BAU","Car","ICEV-D","Diesel",2020,-0.0831282415479885
"Absolute fuel consumption improvement","L/100km","BAU","Car","ICEV-D","Diesel",2021,-0.0862010415112366
"Absolute fuel consumption improvement","L/100km","BAU","Car","ICEV-D","Diesel",2022,-0.0840596537635871
"Absolute fuel consumption improvement","L/100km","BAU","Car","ICEV-D","Diesel",2023,-0.0879747865933332
"Absolute fuel consumption improvement","L/100km","BAU","Car","ICEV-D","Diesel",2024,-0.0673033044147242
"Absolute fuel consumption improvement","L/100km","BAU","Car","ICEV-D","Diesel",2025,-0.139235323807626
"Absolute fuel consumption improvement","L/100km","BAU","Car","ICEV-D","Diesel",2026,0.00707850889764149
"Absolute fuel consumption improvement","L/100km","BAU","Car","ICEV-D","Diesel",2027,0.00700296424826493
"Absolute fuel consumption improvement","L/100km","BAU","Car","ICEV-D","Diesel",2028,0.00593222397664705
"Absolute fuel consumption improvement","L/100km","BAU","Car","ICEV-D","Diesel",2029,0.00424762384973728
"Absolute fuel consumption improvement","L/100km","BAU","Car","ICEV-D","Diesel",2030,0.00464057528260474
"Absolute fuel consumption improvement","L/100km","BAU","Car","ICEV-D","Diesel",2031,0.0062180934880735
"Absolute fuel consumption improvement","L/100km","BAU","Car","ICEV-D","Diesel",2032,0.00729888804405986
"Absolute fuel consumption improvement","L/100km","BAU","Car","ICEV-D","Diesel",2033,0.00681234087110463
"Absolute fuel consumption improvement","L/100km","BAU","Car","ICEV-D","Diesel",2034,0.00633935122793732
"Absolute fuel consumption improvement","L/100km","BAU","Car","ICEV-D","Diesel",2035,0.00687403436590121
"Absolute fuel consumption improvement","L/100km","BAU","Car","ICEV-D","Diesel",2036,0.00692457868035425
"Absolute fuel consumption improvement","L/100km","BAU","Car","ICEV-D","Diesel",2037,0.00803901059587475
"Absolute fuel consumption improvement","L/100km","BAU","Car","ICEV-D","Diesel",2038,0.0137999696699379
"Absolute fuel consumption improvement","L/100km","BAU","Car","ICEV-D","Diesel",2039,0.0136519299288305
"Absolute fuel consumption improvement","L/100km","BAU","Car","ICEV-D","Diesel",2040,0.0137341257060859
"Absolute fuel consumption improvement","L/100km","BAU","Car","ICEV-D","Diesel",2041,0.014080143471225
"Absolute fuel consumption improvement","L/100km","BAU","Car","ICEV-D","Diesel",2042,0.0146777442835818
"Absolute fuel consumption improvement","L/100km","BAU","Car","ICEV-D","Diesel",2043,0.0150618746395173
"Absolute fuel consumption improvement","L/100km","BAU","Car","ICEV-D","Diesel",2044,0.0151234462471684
"Absolute fuel consumption improvement","L/100km","BAU","Car","ICEV-D","Diesel",2045,0.0149820892065697
"Absolute fuel consumption improvement","L/100km","BAU","Car","ICEV-D","Diesel",2046,0.0154845054489528
"Absolute fuel consumption improvement","L/100km","BAU","Car","ICEV-D","Diesel",2047,0.0147433790841188
"Absolute fuel consumption improvement","L/100km","BAU","Car","ICEV-D","Diesel",2048,0.0145875426542846
"Absolute fuel consumption improvement","L/100km","BAU","Car","ICEV-D","Diesel",2049,0.0147234805041036
"Absolute fuel consumption improvement","L/100km","BAU","Car","ICEV-D","Diesel",2050,0.0149879011043813
"Absolute fuel consumption improvement","L/100km","BAU","Light truck","ICEV-D","Diesel",2016,0
"Absolute fuel consumption improvement","L/100km","BAU","Light truck","ICEV-D","Diesel",2017,-0.0553419565498856
"Absolute fuel consumption improvement","L/100km","BAU","Light truck","ICEV-D","Diesel",2018,-0.0231977240425838
"Absolute fuel consumption improvement","L/100km","BAU","Light truck","ICEV-D","Diesel",2019,-0.0423414784667412
"Absolute fuel consumption improvement","L/100km","BAU","Light truck","ICEV-D","Diesel",2020,-0.108887425249057
"Absolute fuel consumption improvement","L/100km","BAU","Light truck","ICEV-D","Diesel",2021,-0.207077178806828
"Absolute fuel consumption improvement","L/100km","BAU","Light truck","ICEV-D","Diesel",2022,-0.25968596429089
"Absolute fuel consumption improvement","L/100km","BAU","Light truck","ICEV-D","Diesel",2023,-0.183553194020076
"Absolute fuel consumption improvement","L/100km","BAU","Light truck","ICEV-D","Diesel",2024,-0.225549453259769
"Absolute fuel consumption improvement","L/100km","BAU","Light truck","ICEV-D","Diesel",2025,-0.323899537023503
"Absolute fuel consumption improvement","L/100km","BAU","Light truck","ICEV-D","Diesel",2026,-0.00231862864623114
"Absolute fuel consumption improvement","L/100km","BAU","Light truck","ICEV-D","Diesel",2027,-0.00200618665130476
"Absolute fuel consumption improvement","L/100km","BAU","Light truck","ICEV-D","Diesel",2028,0.00234561561015871
"Absolute fuel consumption improvement","L/100km","BAU","Light truck","ICEV-D","Diesel",2029,0.00529217791848833
"Absolute fuel consumption improvement","L/100km","BAU","Light truck","ICEV-D","Diesel",2030,0.0261662778887166
"Absolute fuel consumption improvement","L/100km","BAU","Light truck","ICEV-D","Diesel",2031,0.0329470162745834
"Absolute fuel consumption improvement","L/100km","BAU","Light truck","ICEV-D","Diesel",2032,0.0326522469890301
"Absolute fuel consumption improvement","L/100km","BAU","Light truck","ICEV-D","Diesel",2033,0.0328248979018984
"Absolute fuel consumption improvement","L/100km","BAU","Light truck","ICEV-D","Diesel",2034,0.0329021264069166
"Absolute fuel consumption improvement","L/100km","BAU","Light truck","ICEV-D","Diesel",2035,0.0326274920863089
"Absolute fuel consumption improvement","L/100km","BAU","Light truck","ICEV-D","Diesel",2036,0.0328543070264777
"Absolute fuel consumption improvement","L/100km","BAU","Light truck","ICEV-D","Diesel",2037,0.032901617665791
"Absolute fuel consumption improvement","L/100km","BAU","Light truck","ICEV-D","Diesel",2038,0.0329510498587092
"Absolute fuel consumption improvement","L/100km","BAU","Light truck","ICEV-D","Diesel",2039,0.0329096317184335
"Absolute fuel consumption improvement","L/100km","BAU","Light truck","ICEV-D","Diesel",2040,0.0334878331345633
"Absolute fuel consumption improvement","L/100km","BAU","Light truck","ICEV-D","Diesel",2041,0.0334523141833143
"Absolute fuel consumption improvement","L/100km","BAU","Light truck","ICEV-D","Diesel",2042,0.0336394566272597
"Absolute fuel consumption improvement","L/100km","BAU","Light truck","ICEV-D","Diesel",2043,0.0339177105625965
"Absolute fuel consumption improvement","L/100km","BAU","Light truck","ICEV-D","Diesel",2044,0.0341046709780527
"Absolute fuel consumption improvement","L/100km","BAU","Light truck","ICEV-D","Diesel",2045,0.0340587028714805
"Absolute fuel consumption improvement","L/100km","BAU","Light truck","ICEV-D","Diesel",2046,0.0268541458346362
"Absolute fuel consumption improvement","L/100km","BAU","Light truck","ICEV-D","Diesel",2047,0.0293074321092494
"Absolute fuel consumption improvement","L/100km","BAU","Light truck","ICEV-D","Diesel",2048,0.0293967605007674
"Absolute fuel consumption improvement","L/100km","BAU","Light truck","ICEV-D","Diesel",2049,0.029497548449388
"Absolute fuel consumption improvement","L/100km","BAU","Light truck","ICEV-D","Diesel",2050,0.0185914877189888
"Absolute fuel consumption improvement","L/100km","BAU","Car","CNG","CNG & LPG",2016,0
"Absolute fuel consumption improvement","L/100km","BAU","Car","CNG","CNG & LPG",2017,0.167219788398414
"Absolute fuel consumption improvement","L/100km","BAU","Car","CNG","CNG & LPG",2018,-0.23711599155438
"Absolute fuel consumption improvement","L/100km","BAU","Car","CNG","CNG & LPG",2019,-0.302671454757415
"Absolute fuel consumption improvement","L/100km","BAU","Car","CNG","CNG & LPG",2020,-0.281075830441316
"Absolute fuel consumption improvement","L/100km","BAU","Car","CNG","CNG & LPG",2021,-0.293571392079295
"Absolute fuel consumption improvement","L/100km","BAU","Car","CNG","CNG & LPG",2022,-0.260118324423544
"Absolute fuel consumption improvement","L/100km","BAU","Car","CNG","CNG & LPG",2023,-0.251842740829683
"Absolute fuel consumption improvement","L/100km","BAU","Car","CNG","CNG & LPG",2024,-0.190605920486334
"Absolute fuel consumption improvement","L/100km","BAU","Car","CNG","CNG & LPG",2025,-0.310768902865485
"Absolute fuel consumption improvement","L/100km","BAU","Car","CNG","CNG & LPG",2026,-0.00035413338331397
"Absolute fuel consumption improvement","L/100km","BAU","Car","CNG","CNG & LPG",2027,0.00797116892608749
"Absolute fuel consumption improvement","L/100km","BAU","Car","CNG","CNG & LPG",2028,0.00904453094684407
"Absolute fuel consumption improvement","L/100km","BAU","Car","CNG","CNG & LPG",2029,0.0107079462397961
"Absolute fuel consumption improvement","L/100km","BAU","Car","CNG","CNG & LPG",2030,0.0153727232159049
"Absolute fuel consumption improvement","L/100km","BAU","Car","CNG","CNG & LPG",2031,0.0131845116907082
"Absolute fuel consumption improvement","L/100km","BAU","Car","CNG","CNG & LPG",2032,0.0148283944364698
"Absolute fuel consumption improvement","L/100km","BAU","Car","CNG","CNG & LPG",2033,0.0135885602272892
"Absolute fuel consumption improvement","L/100km","BAU","Car","CNG","CNG & LPG",2034,0.0125311941213102
"Absolute fuel consumption improvement","L/100km","BAU","Car","CNG","CNG & LPG",2035,0.0132584516293752
"Absolute fuel consumption improvement","L/100km","BAU","Car","CNG","CNG & LPG",2036,0.0140712151406674
"Absolute fuel consumption improvement","L/100km","BAU","Car","CNG","CNG & LPG",2037,0.0131376812672432
"Absolute fuel consumption improvement","L/100km","BAU","Car","CNG","CNG & LPG",2038,0.0268324508748161
"Absolute fuel consumption improvement","L/100km","BAU","Car","CNG","CNG & LPG",2039,0.0261242291594758
"Absolute fuel consumption improvement","L/100km","BAU","Car","CNG","CNG & LPG",2040,0.0271649522872139
"Absolute fuel consumption improvement","L/100km","BAU","Car","CNG","CNG & LPG",2041,0.0268393152632132
"Absolute fuel consumption improvement","L/100km","BAU","Car","CNG","CNG & LPG",2042,0.0271209189366471
"Absolute fuel consumption improvement","L/100km","BAU","Car","CNG","CNG & LPG",2043,0.027832881453452
"Absolute fuel consumption improvement","L/100km","BAU","Car","CNG","CNG & LPG",2044,0.0283118001257448
"Absolute fuel consumption improvement","L/100km","BAU","Car","CNG","CNG & LPG",2045,0.0276894213268521
"Absolute fuel consumption improvement","L/100km","BAU","Car","CNG","CNG & LPG",2046,0.0286270036192168
"Absolute fuel consumption improvement","L/100km","BAU","Car","CNG","CNG & LPG",2047,0.0271927365590505
"Absolute fuel consumption improvement","L/100km","BAU","Car","CNG","CNG & LPG",2048,0.0268390051568443
"Absolute fuel consumption improvement","L/100km","BAU","Car","CNG","CNG & LPG",2049,0.0268626342628035
"Absolute fuel consumption improvement","L/100km","BAU","Car","CNG","CNG & LPG",2050,0.0275917687002574
"Absolute fuel consumption improvement","L/100km","BAU","Light truck","CNG","CNG & LPG",2016,0
"Absolute fuel consumption improvement","L/100km","BAU","Light truck","CNG","CNG & LPG",2017,-0.244713736011192
"Absolute fuel consumption improvement","L/100km","BAU","Light truck","CNG","CNG & LPG",2018,-0.25013146038071
"Absolute fuel consumption improvement","L/100km","BAU","Light truck","CNG","CNG & LPG",2019,-0.148572112154799
"Absolute fuel consumption improvement","L/100km","BAU","Light truck","CNG","CNG & LPG",2020,-0.28831117986352
"Absolute fuel consumption improvement","L/100km","BAU","Light truck","CNG","CNG & LPG",2021,-0.441446835124148
"Absolute fuel consumption improvement","L/100km","BAU","Light truck","CNG","CNG & LPG",2022,-0.516063136640979
"Absolute fuel consumption improvement","L/100km","BAU","Light truck","CNG","CNG & LPG",2023,-0.480501670560099
"Absolute fuel consumption improvement","L/100km","BAU","Light truck","CNG","CNG & LPG",2024,-0.602890791348415
"Absolute fuel consumption improvement","L/100km","BAU","Light truck","CNG","CNG & LPG",2025,-0.106798634807879
"Absolute fuel consumption improvement","L/100km","BAU","Light truck","CNG","CNG & LPG",2026,-0.0409714017535641
"Absolute fuel consumption improvement","L/100km","BAU","Light truck","CNG","CNG & LPG",2027,-0.0476016071579076
"Absolute fuel consumption improvement","L/100km","BAU","Light truck","CNG","CNG & LPG",2028,-0.0268297797419003
"Absolute fuel consumption improvement","L/100km","BAU","Light truck","CNG","CNG & LPG",2029,-0.0254512367479298
"Absolute fuel consumption improvement","L/100km","BAU","Light truck","CNG","CNG & LPG",2030,-0.0231489696386985
"Absolute fuel consumption improvement","L/100km","BAU","Light truck","CNG","CNG & LPG",2031,-0.0166357663666167
"Absolute fuel consumption improvement","L/100km","BAU","Light truck","CNG","CNG & LPG",2032,-0.0162460347652527
"Absolute fuel consumption improvement","L/100km","BAU","Light truck","CNG","CNG & LPG",2033,-0.0160665083368579
"Absolute fuel consumption improvement","L/100km","BAU","Light truck","CNG","CNG & LPG",2034,-0.015138091920611
"Absolute fuel consumption improvement","L/100km","BAU","Light truck","CNG","CNG & LPG",2035,-0.0104931328583121
"Absolute fuel consumption improvement","L/100km","BAU","Light truck","CNG","CNG & LPG",2036,-0.00172324954066661
"Absolute fuel consumption improvement","L/100km","BAU","Light truck","CNG","CNG & LPG",2037,-0.00184301885222629
"Absolute fuel consumption improvement","L/100km","BAU","Light truck","CNG","CNG & LPG",2038,-0.00113321146104836
"Absolute fuel consumption improvement","L/100km","BAU","Light truck","CNG","CNG & LPG",2039,0.0011539354917067
"Absolute fuel consumption improvement","L/100km","BAU","Light truck","CNG","CNG & LPG",2040,-0.00208106691905791
"Absolute fuel consumption improvement","L/100km","BAU","Light truck","CNG","CNG & LPG",2041,0.000856689232920698
"Absolute fuel consumption improvement","L/100km","BAU","Light truck","CNG","CNG & LPG",2042,0.00170130294176734
"Absolute fuel consumption improvement","L/100km","BAU","Light truck","CNG","CNG & LPG",2043,0.0012779823626869
"Absolute fuel consumption improvement","L/100km","BAU","Light truck","CNG","CNG & LPG",2044,0.00108294066336535
"Absolute fuel consumption improvement","L/100km","BAU","Light truck","CNG","CNG & LPG",2045,0.00385154598481729
"Absolute fuel consumption improvement","L/100km","BAU","Light truck","CNG","CNG & LPG",2046,-0.00412774268489224
"Absolute fuel consumption improvement","L/100km","BAU","Light truck","CNG","CNG & LPG",2047,0.00305681529924841
"Absolute fuel consumption improvement","L/100km","BAU","Light truck","CNG","CNG & LPG",2048,0.00343705347503658
"Absolute fuel consumption improvement","L/100km","BAU","Light truck","CNG","CNG & LPG",2049,0.00394694129127315
"Absolute fuel consumption improvement","L/100km","BAU","Light truck","CNG","CNG & LPG",2050,-0.0484943772324186
"Absolute fuel consumption improvement","L/100km","BAU","Car","HEV","E10",2016,0
"Absolute fuel consumption improvement","L/100km","BAU","Car","HEV","E10",2017,0.017425864538829
"Absolute fuel consumption improvement","L/100km","BAU","Car","HEV","E10",2018,-0.0537650533118915
"Absolute fuel consumption improvement","L/100km","BAU","Car","HEV","E10",2019,-0.0904050435739467
"Absolute fuel consumption improvement","L/100km","BAU","Car","HEV","E10",2020,-0.109006650360679
"Absolute fuel consumption improvement","L/100km","BAU","Car","HEV","E10",2021,-0.109116304892166
"Absolute fuel consumption improvement","L/100km","BAU","Car","HEV","E10",2022,-0.11604969466269
"Absolute fuel consumption improvement","L/100km","BAU","Car","HEV","E10",2023,-0.134826394266283
"Absolute fuel consumption improvement","L/100km","BAU","Car","HEV","E10",2024,-0.0873920306987671
"Absolute fuel consumption improvement","L/100km","BAU","Car","HEV","E10",2025,-0.119221002478969
"Absolute fuel consumption improvement","L/100km","BAU","Car","HEV","E10",2026,0.00249329975911765
"Absolute fuel consumption improvement","L/100km","BAU","Car","HEV","E10",2027,-0.00267043660988499
"Absolute fuel consumption improvement","L/100km","BAU","Car","HEV","E10",2028,0.000177468824032429
"Absolute fuel consumption improvement","L/100km","BAU","Car","HEV","E10",2029,-0.000187941656927135
"Absolute fuel consumption improvement","L/100km","BAU","Car","HEV","E10",2030,0.00345091840069431
"Absolute fuel consumption improvement","L/100km","BAU","Car","HEV","E10",2031,0.00366175571715452
"Absolute fuel consumption improvement","L/100km","BAU","Car","HEV","E10",2032,0.00427589712278119
"Absolute fuel consumption improvement","L/100km","BAU","Car","HEV","E10",2033,0.00412056564588239
"Absolute fuel consumption improvement","L/100km","BAU","Car","HEV","E10",2034,0.00369358055272629
"Absolute fuel consumption improvement","L/100km","BAU","Car","HEV","E10",2035,0.00372156251253454
"Absolute fuel consumption improvement","L/100km","BAU","Car","HEV","E10",2036,0.00359931816334197
"Absolute fuel consumption improvement","L/100km","BAU","Car","HEV","E10",2037,0.00274327149407182
"Absolute fuel consumption improvement","L/100km","BAU","Car","HEV","E10",2038,0.00270933611700431
"Absolute fuel consumption improvement","L/100km","BAU","Car","HEV","E10",2039,0.00286660138522926
"Absolute fuel consumption improvement","L/100km","BAU","Car","HEV","E10",2040,0.00241256408692785
"Absolute fuel consumption improvement","L/100km","BAU","Car","HEV","E10",2041,0.00258738321155285
"Absolute fuel consumption improvement","L/100km","BAU","Car","HEV","E10",2042,0.00266856659351454
"Absolute fuel consumption improvement","L/100km","BAU","Car","HEV","E10",2043,0.00262755975391242
"Absolute fuel consumption improvement","L/100km","BAU","Car","HEV","E10",2044,0.00257236550857449
"Absolute fuel consumption improvement","L/100km","BAU","Car","HEV","E10",2045,0.00296145768388844
"Absolute fuel consumption improvement","L/100km","BAU","Car","HEV","E10",2046,0.00313436018515523
"Absolute fuel consumption improvement","L/100km","BAU","Car","HEV","E10",2047,0.00274426218661248
"Absolute fuel consumption improvement","L/100km","BAU","Car","HEV","E10",2048,0.00266232161835349
"Absolute fuel consumption improvement","L/100km","BAU","Car","HEV","E10",2049,0.00277814279825026
"Absolute fuel consumption improvement","L/100km","BAU","Car","HEV","E10",2050,0.00283863047298036
"Absolute fuel consumption improvement","L/100km","BAU","Light truck","HEV","E10",2016,0
"Absolute fuel consumption improvement","L/100km","BAU","Light truck","HEV","E10",2017,-0.110358208808972
"Absolute fuel consumption improvement","L/100km","BAU","Light truck","HEV","E10",2018,-0.0754938580751113
"Absolute fuel consumption improvement","L/100km","BAU","Light truck","HEV","E10",2019,-0.0876513690641046
"Absolute fuel consumption improvement","L/100km","BAU","Light truck","HEV","E10",2020,-0.172186013973533
"Absolute fuel consumption improvement","L/100km","BAU","Light truck","HEV","E10",2021,-0.268551402076027
"Absolute fuel consumption improvement","L/100km","BAU","Light truck","HEV","E10",2022,-0.172748937794075
"Absolute fuel consumption improvement","L/100km","BAU","Light truck","HEV","E10",2023,-0.0586472663554137
"Absolute fuel consumption improvement","L/100km","BAU","Light truck","HEV","E10",2024,-0.155387054206582
"Absolute fuel consumption improvement","L/100km","BAU","Light truck","HEV","E10",2025,-0.362468601324504
"Absolute fuel consumption improvement","L/100km","BAU","Light truck","HEV","E10",2026,0.00541135434913594
"Absolute fuel consumption improvement","L/100km","BAU","Light truck","HEV","E10",2027,0.00491763538835775
"Absolute fuel consumption improvement","L/100km","BAU","Light truck","HEV","E10",2028,0.0050392961941437
"Absolute fuel consumption improvement","L/100km","BAU","Light truck","HEV","E10",2029,0.00398483017527353
"Absolute fuel consumption improvement","L/100km","BAU","Light truck","HEV","E10",2030,0.00394572975628977
"Absolute fuel consumption improvement","L/100km","BAU","Light truck","HEV","E10",2031,0.00635739867052074
"Absolute fuel consumption improvement","L/100km","BAU","Light truck","HEV","E10",2032,0.0109350921252173
"Absolute fuel consumption improvement","L/100km","BAU","Light truck","HEV","E10",2033,0.0107849396556272
"Absolute fuel consumption improvement","L/100km","BAU","Light truck","HEV","E10",2034,0.0107892711447176
"Absolute fuel consumption improvement","L/100km","BAU","Light truck","HEV","E10",2035,0.0116384920031204
"Absolute fuel consumption improvement","L/100km","BAU","Light truck","HEV","E10",2036,0.0118439182351813
"Absolute fuel consumption improvement","L/100km","BAU","Light truck","HEV","E10",2037,0.0113288034977733
"Absolute fuel consumption improvement","L/100km","BAU","Light truck","HEV","E10",2038,0.0119311750263961
"Absolute fuel consumption improvement","L/100km","BAU","Light truck","HEV","E10",2039,0.0120402627799196
"Absolute fuel consumption improvement","L/100km","BAU","Light truck","HEV","E10",2040,0.0121036980912803
"Absolute fuel consumption improvement","L/100km","BAU","Light truck","HEV","E10",2041,0.0122136215958332
"Absolute fuel consumption improvement","L/100km","BAU","Light truck","HEV","E10",2042,0.0124258885473467
"Absolute fuel consumption improvement","L/100km","BAU","Light truck","HEV","E10",2043,0.0126605370210116
"Absolute fuel consumption improvement","L/100km","BAU","Light truck","HEV","E10",2044,0.0127322598632296
"Absolute fuel consumption improvement","L/100km","BAU","Light truck","HEV","E10",2045,0.0129608988482044
"Absolute fuel consumption improvement","L/100km","BAU","Light truck","HEV","E10",2046,0.00157084186202685
"Absolute fuel consumption improvement","L/100km","BAU","Light truck","HEV","E10",2047,0.00272462080077918
"Absolute fuel consumption improvement","L/100km","BAU","Light truck","HEV","E10",2048,0.00415211624691632
"Absolute fuel consumption improvement","L/100km","BAU","Light truck","HEV","E10",2049,0.00430240369441911
"Absolute fuel consumption improvement","L/100km","BAU","Light truck","HEV","E10",2050,0.000408120320157948
"Absolute fuel consumption improvement","L/100km","BAU","Car","PHEV20","E10",2016,0
"Absolute fuel consumption improvement","L/100km","BAU","Car","PHEV20","E10",2017,0.030129590682441
"Absolute fuel consumption improvement","L/100km","BAU","Car","PHEV20","E10",2018,-0.032931909310815
"Absolute fuel consumption improvement","L/100km","BAU","Car","PHEV20","E10",2019,-0.0958289466593942
"Absolute fuel consumption improvement","L/100km","BAU","Car","PHEV20","E10",2020,-0.135292716924741
"Absolute fuel consumption improvement","L/100km","BAU","Car","PHEV20","E10",2021,-0.116905150753483
"Absolute fuel consumption improvement","L/100km","BAU","Car","PHEV20","E10",2022,-0.111276910132553
"Absolute fuel consumption improvement","L/100km","BAU","Car","PHEV20","E10",2023,-0.120738186404789
"Absolute fuel consumption improvement","L/100km","BAU","Car","PHEV20","E10",2024,-0.0983927152813178
"Absolute fuel consumption improvement","L/100km","BAU","Car","PHEV20","E10",2025,-0.104195051034153
"Absolute fuel consumption improvement","L/100km","BAU","Car","PHEV20","E10",2026,-0.0685216899743716
"Absolute fuel consumption improvement","L/100km","BAU","Car","PHEV20","E10",2027,-0.0041956212711897
"Absolute fuel consumption improvement","L/100km","BAU","Car","PHEV20","E10",2028,0.000303186926259705
"Absolute fuel consumption improvement","L/100km","BAU","Car","PHEV20","E10",2029,-0.000620221426700695
"Absolute fuel consumption improvement","L/100km","BAU","Car","PHEV20","E10",2030,0.00331744744987932
"Absolute fuel consumption improvement","L/100km","BAU","Car","PHEV20","E10",2031,0.00275799270763008
"Absolute fuel consumption improvement","L/100km","BAU","Car","PHEV20","E10",2032,0.00466978391280502
"Absolute fuel consumption improvement","L/100km","BAU","Car","PHEV20","E10",2033,0.00370544217885466
"Absolute fuel consumption improvement","L/100km","BAU","Car","PHEV20","E10",2034,0.0033204292144687
"Absolute fuel consumption improvement","L/100km","BAU","Car","PHEV20","E10",2035,0.00385510281411468
"Absolute fuel consumption improvement","L/100km","BAU","Car","PHEV20","E10",2036,0.00356368409772637
"Absolute fuel consumption improvement","L/100km","BAU","Car","PHEV20","E10",2037,0.0019003090070182
"Absolute fuel consumption improvement","L/100km","BAU","Car","PHEV20","E10",2038,0.00322034483694601
"Absolute fuel consumption improvement","L/100km","BAU","Car","PHEV20","E10",2039,0.00269534190801805
"Absolute fuel consumption improvement","L/100km","BAU","Car","PHEV20","E10",2040,0.0024704545343471
"Absolute fuel consumption improvement","L/100km","BAU","Car","PHEV20","E10",2041,0.00239829357074813
"Absolute fuel consumption improvement","L/100km","BAU","Car","PHEV20","E10",2042,0.00272526546817562
"Absolute fuel consumption improvement","L/100km","BAU","Car","PHEV20","E10",2043,0.00275027042104388
"Absolute fuel consumption improvement","L/100km","BAU","Car","PHEV20","E10",2044,0.00252902737060937
"Absolute fuel consumption improvement","L/100km","BAU","Car","PHEV20","E10",2045,0.00294958611424466
"Absolute fuel consumption improvement","L/100km","BAU","Car","PHEV20","E10",2046,0.00336427747406874
"Absolute fuel consumption improvement","L/100km","BAU","Car","PHEV20","E10",2047,0.00219638494860752
"Absolute fuel consumption improvement","L/100km","BAU","Car","PHEV20","E10",2048,0.00249380256781411
"Absolute fuel consumption improvement","L/100km","BAU","Car","PHEV20","E10",2049,0.00285377890226891
"Absolute fuel consumption improvement","L/100km","BAU","Car","PHEV20","E10",2050,0.00286454037521164
"Absolute fuel consumption improvement","kWh/100km","BAU","Car","PHEV20","Electricity",2016,0
"Absolute fuel consumption improvement","kWh/100km","BAU","Car","PHEV20","Electricity",2017,0.109837850660332
"Absolute fuel consumption improvement","kWh/100km","BAU","Car","PHEV20","Electricity",2018,-0.120053743011813
"Absolute fuel consumption improvement","kWh/100km","BAU","Car","PHEV20","Electricity",2019,-0.34934578577749
"Absolute fuel consumption improvement","kWh/100km","BAU","Car","PHEV20","Electricity",2020,-0.493211520648722
"Absolute fuel consumption improvement","kWh/100km","BAU","Car","PHEV20","Electricity",2021,-0.426179387075709
"Absolute fuel consumption improvement","kWh/100km","BAU","Car","PHEV20","Electricity",2022,-0.405661555973465
"Absolute fuel consumption improvement","kWh/100km","BAU","Car","PHEV20","Electricity",2023,-0.440152772970037
"Absolute fuel consumption improvement","kWh/100km","BAU","Car","PHEV20","Electricity",2024,-0.358692040693146
"Absolute fuel consumption improvement","kWh/100km","BAU","Car","PHEV20","Electricity",2025,-0.379844538070831
"Absolute fuel consumption improvement","kWh/100km","BAU","Car","PHEV20","Electricity",2026,-0.2497967937807
"Absolute fuel consumption improvement","kWh/100km","BAU","Car","PHEV20","Electricity",2027,-0.0152951969201764
"Absolute fuel consumption improvement","kWh/100km","BAU","Car","PHEV20","Electricity",2028,0.00110527224480637
"Absolute fuel consumption improvement","kWh/100km","BAU","Car","PHEV20","Electricity",2029,-0.00226102601792033
"Absolute fuel consumption improvement","kWh/100km","BAU","Car","PHEV20","Electricity",2030,0.0120938017848912
"Absolute fuel consumption improvement","kWh/100km","BAU","Car","PHEV20","Electricity",2031,0.0100543015779999
"Absolute fuel consumption improvement","kWh/100km","BAU","Car","PHEV20","Electricity",2032,0.0170237635630948
"Absolute fuel consumption improvement","kWh/100km","BAU","Car","PHEV20","Electricity",2033,0.0135082420787324
"Absolute fuel consumption improvement","kWh/100km","BAU","Car","PHEV20","Electricity",2034,0.0121046718500415
"Absolute fuel consumption improvement","kWh/100km","BAU","Car","PHEV20","Electricity",2035,0.0140538320496908
"Absolute fuel consumption improvement","kWh/100km","BAU","Car","PHEV20","Electricity",2036,0.0129914609810742
"Absolute fuel consumption improvement","kWh/100km","BAU","Car","PHEV20","Electricity",2037,0.0069276034686721
"Absolute fuel consumption improvement","kWh/100km","BAU","Car","PHEV20","Electricity",2038,0.0117398128306266
"Absolute fuel consumption improvement","kWh/100km","BAU","Car","PHEV20","Electricity",2039,0.00982590719839929
"Absolute fuel consumption improvement","kWh/100km","BAU","Car","PHEV20","Electricity",2040,0.00900607708437591
"Absolute fuel consumption improvement","kWh/100km","BAU","Car","PHEV20","Electricity",2041,0.00874301326692057
"Absolute fuel consumption improvement","kWh/100km","BAU","Car","PHEV20","Electricity",2042,0.00993499396185568
"Absolute fuel consumption improvement","kWh/100km","BAU","Car","PHEV20","Electricity",2043,0.0100261498725967
"Absolute fuel consumption improvement","kWh/100km","BAU","Car","PHEV20","Electricity",2044,0.00921960519067959
"Absolute fuel consumption improvement","kWh/100km","BAU","Car","PHEV20","Electricity",2045,0.010752758062359
"Absolute fuel consumption improvement","kWh/100km","BAU","Car","PHEV20","Electricity",2046,0.0122645213030403
"Absolute fuel consumption improvement","kWh/100km","BAU","Car","PHEV20","Electricity",2047,0.00800695251788961
"Absolute fuel consumption improvement","kWh/100km","BAU","Car","PHEV20","Electricity",2048,0.00909119267191212
"Absolute fuel consumption improvement","kWh/100km","BAU","Car","PHEV20","Electricity",2049,0.0104034915106794
"Absolute fuel consumption improvement","kWh/100km","BAU","Car","PHEV20","Electricity",2050,0.0104427226131005
"Absolute fuel consumption improvement","L/100km","BAU","Light truck","PHEV20","E10",2016,0
"Absolute fuel consumption improvement","L/100km","BAU","Light truck","PHEV20","E10",2017,-0.138942825281966
"Absolute fuel consumption improvement","L/100km","BAU","Light truck","PHEV20","E10",2018,-0.106070620343352
"Absolute fuel consumption improvement","L/100km","BAU","Light truck","PHEV20","E10",2019,-0.103328183458365
"Absolute fuel consumption improvement","L/100km","BAU","Light truck","PHEV20","E10",2020,-0.201751561028829
"Absolute fuel consumption improvement","L/100km","BAU","Light truck","PHEV20","E10",2021,-0.29398621896424
"Absolute fuel consumption improvement","L/100km","BAU","Light truck","PHEV20","E10",2022,-0.241984452566991
"Absolute fuel consumption improvement","L/100km","BAU","Light truck","PHEV20","E10",2023,-0.104392249361733
"Absolute fuel consumption improvement","L/100km","BAU","Light truck","PHEV20","E10",2024,-0.086915553399508
"Absolute fuel consumption improvement","L/100km","BAU","Light truck","PHEV20","E10",2025,-0.352084831001496
"Absolute fuel consumption improvement","L/100km","BAU","Light truck","PHEV20","E10",2026,-0.220666560891153
"Absolute fuel consumption improvement","L/100km","BAU","Light truck","PHEV20","E10",2027,0.00175357583776813
"Absolute fuel consumption improvement","L/100km","BAU","Light truck","PHEV20","E10",2028,0.00569639712534014
"Absolute fuel consumption improvement","L/100km","BAU","Light truck","PHEV20","E10",2029,0.00368123533644578
"Absolute fuel consumption improvement","L/100km","BAU","Light truck","PHEV20","E10",2030,0.00411259545153242
"Absolute fuel consumption improvement","L/100km","BAU","Light truck","PHEV20","E10",2031,0.00549445600632103
"Absolute fuel consumption improvement","L/100km","BAU","Light truck","PHEV20","E10",2032,0.0162351422688751
"Absolute fuel consumption improvement","L/100km","BAU","Light truck","PHEV20","E10",2033,0.0176123431203832
"Absolute fuel consumption improvement","L/100km","BAU","Light truck","PHEV20","E10",2034,0.0114957799267165
"Absolute fuel consumption improvement","L/100km","BAU","Light truck","PHEV20","E10",2035,0.0130243543887876
"Absolute fuel consumption improvement","L/100km","BAU","Light truck","PHEV20","E10",2036,0.0130812302064836
"Absolute fuel consumption improvement","L/100km","BAU","Light truck","PHEV20","E10",2037,0.0115968015153169
"Absolute fuel consumption improvement","L/100km","BAU","Light truck","PHEV20","E10",2038,0.0138137893553495
"Absolute fuel consumption improvement","L/100km","BAU","Light truck","PHEV20","E10",2039,0.0131728608149683
"Absolute fuel consumption improvement","L/100km","BAU","Light truck","PHEV20","E10",2040,0.0134758931323896
"Absolute fuel consumption improvement","L/100km","BAU","Light truck","PHEV20","E10",2041,0.0132700090422203
"Absolute fuel consumption improvement","L/100km","BAU","Light truck","PHEV20","E10",2042,0.0138838390881769
"Absolute fuel consumption improvement","L/100km","BAU","Light truck","PHEV20","E10",2043,0.0142202547666684
"Absolute fuel consumption improvement","L/100km","BAU","Light truck","PHEV20","E10",2044,0.0140926729379812
"Absolute fuel consumption improvement","L/100km","BAU","Light truck","PHEV20","E10",2045,0.0144096095846901
"Absolute fuel consumption improvement","L/100km","BAU","Light truck","PHEV20","E10",2046,-0.00849035210486793
"Absolute fuel consumption improvement","L/100km","BAU","Light truck","PHEV20","E10",2047,0.0014011955965789
"Absolute fuel consumption improvement","L/100km","BAU","Light truck","PHEV20","E10",2048,0.00425946462614627
"Absolute fuel consumption improvement","L/100km","BAU","Light truck","PHEV20","E10",2049,0.0049021082305394
"Absolute fuel consumption improvement","L/100km","BAU","Light truck","PHEV20","E10",2050,0.00671068634978574
"Absolute fuel consumption improvement","kWh/100km","BAU","Light truck","PHEV20","Electricity",2016,0
"Absolute fuel consumption improvement","kWh/100km","BAU","Light truck","PHEV20","Electricity",2017,-0.229647884828556
"Absolute fuel consumption improvement","kWh/100km","BAU","Light truck","PHEV20","Electricity",2018,-0.1753159513985
"Absolute fuel consumption improvement","kWh/100km","BAU","Light truck","PHEV20","Electricity",2019,-0.170783188885323
"Absolute fuel consumption improvement","kWh/100km","BAU","Light truck","PHEV20","Electricity",2020,-0.33345960222923
"Absolute fuel consumption improvement","kWh/100km","BAU","Light truck","PHEV20","Electricity",2021,-0.485907157975757
"Absolute fuel consumption improvement","kWh/100km","BAU","Light truck","PHEV20","Electricity",2022,-0.399957447105534
"Absolute fuel consumption improvement","kWh/100km","BAU","Light truck","PHEV20","Electricity",2023,-0.172541901388331
"Absolute fuel consumption improvement","kWh/100km","BAU","Light truck","PHEV20","Electricity",2024,-0.143656017908044
"Absolute fuel consumption improvement","kWh/100km","BAU","Light truck","PHEV20","Electricity",2025,-0.5819338749995
"Absolute fuel consumption improvement","kWh/100km","BAU","Light truck","PHEV20","Electricity",2026,-0.364722747347374
"Absolute fuel consumption improvement","kWh/100km","BAU","Light truck","PHEV20","Electricity",2027,0.00289835031936825
"Absolute fuel consumption improvement","kWh/100km","BAU","Light truck","PHEV20","Electricity",2028,0.00941513567413847
"Absolute fuel consumption improvement","kWh/100km","BAU","Light truck","PHEV20","Electricity",2029,0.00608443010177249
"Absolute fuel consumption improvement","kWh/100km","BAU","Light truck","PHEV20","Electricity",2030,0.00679739198251745
"Absolute fuel consumption improvement","kWh/100km","BAU","Light truck","PHEV20","Electricity",2031,0.00908136276612009
"Absolute fuel consumption improvement","kWh/100km","BAU","Light truck","PHEV20","Electricity",2032,0.0268338150917229
"Absolute fuel consumption improvement","kWh/100km","BAU","Light truck","PHEV20","Electricity",2033,0.0291100842109891
"Absolute fuel consumption improvement","kWh/100km","BAU","Light truck","PHEV20","Electricity",2034,0.019000488433048
"Absolute fuel consumption improvement","kWh/100km","BAU","Light truck","PHEV20","Electricity",2035,0.0215269513238464
"Absolute fuel consumption improvement","kWh/100km","BAU","Light truck","PHEV20","Electricity",2036,0.0216209569783686
"Absolute fuel consumption improvement","kWh/100km","BAU","Light truck","PHEV20","Electricity",2037,0.0191674592291076
"Absolute fuel consumption improvement","kWh/100km","BAU","Light truck","PHEV20","Electricity",2038,0.0228317475226624
"Absolute fuel consumption improvement","kWh/100km","BAU","Light truck","PHEV20","Electricity",2039,0.0217724061473441
"Absolute fuel consumption improvement","kWh/100km","BAU","Light truck","PHEV20","Electricity",2040,0.0222732649040973
"Absolute fuel consumption improvement","kWh/100km","BAU","Light truck","PHEV20","Electricity",2041,0.0219329749630277
"Absolute fuel consumption improvement","kWh/100km","BAU","Light truck","PHEV20","Electricity",2042,0.0229475273259301
"Absolute fuel consumption improvement","kWh/100km","BAU","Light truck","PHEV20","Electricity",2043,0.0235035628666782
"Absolute fuel consumption improvement","kWh/100km","BAU","Light truck","PHEV20","Electricity",2044,0.0232926926973038
"Absolute fuel consumption improvement","kWh/100km","BAU","Light truck","PHEV20","Electricity",2045,0.0238165328480539
"Absolute fuel consumption improvement","kWh/100km","BAU","Light truck","PHEV20","Electricity",2046,-0.0140330484742609
"Absolute fuel consumption improvement","kWh/100km","BAU","Light truck","PHEV20","Electricity",2047,0.00231592818364257
"Absolute fuel consumption improvement","kWh/100km","BAU","Light truck","PHEV20","Electricity",2048,0.00704014071911568
"Absolute fuel consumption improvement","kWh/100km","BAU","Light truck","PHEV20","Electricity",2049,0.00810231679152519
"Absolute fuel consumption improvement","kWh/100km","BAU","Light truck","PHEV20","Electricity",2050,0.0110915761418318
"Absolute fuel consumption improvement","L/100km","BAU","Car","PHEV40","E10",2016,0
"Absolute fuel consumption improvement","L/100km","BAU","Car","PHEV40","E10",2017,-0.0271401673664245
"Absolute fuel consumption improvement","L/100km","BAU","Car","PHEV40","E10",2018,-0.0543908312075025
"Absolute fuel consumption improvement","L/100km","BAU","Car","PHEV40","E10",2019,-0.145732522814044
"Absolute fuel consumption improvement","L/100km","BAU","Car","PHEV40","E10",2020,-0.176110410888587
"Absolute fuel consumption improvement","L/100km","BAU","Car","PHEV40","E10",2021,-0.112288574430602
"Absolute fuel consumption improvement","L/100km","BAU","Car","PHEV40","E10",2022,-0.0862882482168985
"Absolute fuel consumption improvement","L/100km","BAU","Car","PHEV40","E10",2023,-0.0909105374058958
"Absolute fuel consumption improvement","L/100km","BAU","Car","PHEV40","E10",2024,-0.0843975290728537
"Absolute fuel consumption improvement","L/100km","BAU","Car","PHEV40","E10",2025,-0.11331107531228
"Absolute fuel consumption improvement","L/100km","BAU","Car","PHEV40","E10",2026,-0.0840078322552766
"Absolute fuel consumption improvement","L/100km","BAU","Car","PHEV40","E10",2027,0.00226222012984292
"Absolute fuel consumption improvement","L/100km","BAU","Car","PHEV40","E10",2028,0.00569072351825636
"Absolute fuel consumption improvement","L/100km","BAU","Car","PHEV40","E10",2029,0.00366914952080472
"Absolute fuel consumption improvement","L/100km","BAU","Car","PHEV40","E10",2030,0.00386229609038444
"Absolute fuel consumption improvement","L/100km","BAU","Car","PHEV40","E10",2031,0.00175254420554345
"Absolute fuel consumption improvement","L/100km","BAU","Car","PHEV40","E10",2032,0.00534402851362583
"Absolute fuel consumption improvement","L/100km","BAU","Car","PHEV40","E10",2033,0.00374067097434498
"Absolute fuel consumption improvement","L/100km","BAU","Car","PHEV40","E10",2034,0.00338847616134459
"Absolute fuel consumption improvement","L/100km","BAU","Car","PHEV40","E10",2035,0.00430605665058185
"Absolute fuel consumption improvement","L/100km","BAU","Car","PHEV40","E10",2036,0.00389597351282152
"Absolute fuel consumption improvement","L/100km","BAU","Car","PHEV40","E10",2037,0.00146323317510422
"Absolute fuel consumption improvement","L/100km","BAU","Car","PHEV40","E10",2038,0.00467405621116904
"Absolute fuel consumption improvement","L/100km","BAU","Car","PHEV40","E10",2039,0.00318603951421198
"Absolute fuel consumption improvement","L/100km","BAU","Car","PHEV40","E10",2040,0.00368313036659234
"Absolute fuel consumption improvement","L/100km","BAU","Car","PHEV40","E10",2041,0.00572163129226899
"Absolute fuel consumption improvement","L/100km","BAU","Car","PHEV40","E10",2042,0.00742394589976689
"Absolute fuel consumption improvement","L/100km","BAU","Car","PHEV40","E10",2043,0.0104621942383681
"Absolute fuel consumption improvement","L/100km","BAU","Car","PHEV40","E10",2044,0.0129837744830189
"Absolute fuel consumption improvement","L/100km","BAU","Car","PHEV40","E10",2045,0.0075284244954985
"Absolute fuel consumption improvement","L/100km","BAU","Car","PHEV40","E10",2046,0.00806106109318544
"Absolute fuel consumption improvement","L/100km","BAU","Car","PHEV40","E10",2047,0.00663028835304426
"Absolute fuel consumption improvement","L/100km","BAU","Car","PHEV40","E10",2048,0.00707708719454517
"Absolute fuel consumption improvement","L/100km","BAU","Car","PHEV40","E10",2049,0.0075442533869634
"Absolute fuel consumption improvement","L/100km","BAU","Car","PHEV40","E10",2050,0.00750323890369745
"Absolute fuel consumption improvement","kWh/100km","BAU","Car","PHEV40","Electricity",2016,0
"Absolute fuel consumption improvement","kWh/100km","BAU","Car","PHEV40","Electricity",2017,-0.0931359296656192
"Absolute fuel consumption improvement","kWh/100km","BAU","Car","PHEV40","Electricity",2018,-0.186651046082473
"Absolute fuel consumption improvement","kWh/100km","BAU","Car","PHEV40","Electricity",2019,-0.500105021886982
"Absolute fuel consumption improvement","kWh/100km","BAU","Car","PHEV40","Electricity",2020,-0.604351720475908
"Absolute fuel consumption improvement","kWh/100km","BAU","Car","PHEV40","Electricity",2021,-0.385336635151303
"Absolute fuel consumption improvement","kWh/100km","BAU","Car","PHEV40","Electricity",2022,-0.296112257098336
"Absolute fuel consumption improvement","kWh/100km","BAU","Car","PHEV40","Electricity",2023,-0.311974399545298
"Absolute fuel consumption improvement","kWh/100km","BAU","Car","PHEV40","Electricity",2024,-0.289623944670498
"Absolute fuel consumption improvement","kWh/100km","BAU","Car","PHEV40","Electricity",2025,-0.388845514404452
"Absolute fuel consumption improvement","kWh/100km","BAU","Car","PHEV40","Electricity",2026,-0.288286636211682
"Absolute fuel consumption improvement","kWh/100km","BAU","Car","PHEV40","Electricity",2027,0.00776317890956897
"Absolute fuel consumption improvement","kWh/100km","BAU","Car","PHEV40","Electricity",2028,0.0195286498490239
"Absolute fuel consumption improvement","kWh/100km","BAU","Car","PHEV40","Electricity",2029,0.0125912875587152
"Absolute fuel consumption improvement","kWh/100km","BAU","Car","PHEV40","Electricity",2030,0.0132541016481297
"Absolute fuel consumption improvement","kWh/100km","BAU","Car","PHEV40","Electricity",2031,0.00601414249439416
"Absolute fuel consumption improvement","kWh/100km","BAU","Car","PHEV40","Electricity",2032,0.0183389091546966
"Absolute fuel consumption improvement","kWh/100km","BAU","Car","PHEV40","Electricity",2033,0.0128367251411949
"Absolute fuel consumption improvement","kWh/100km","BAU","Car","PHEV40","Electricity",2034,0.0116281109536206
"Absolute fuel consumption improvement","kWh/100km","BAU","Car","PHEV40","Electricity",2035,0.0147769386949657
"Absolute fuel consumption improvement","kWh/100km","BAU","Car","PHEV40","Electricity",2036,0.0133696712393217
"Absolute fuel consumption improvement","kWh/100km","BAU","Car","PHEV40","Electricity",2037,0.00502132430655165
"Absolute fuel consumption improvement","kWh/100km","BAU","Car","PHEV40","Electricity",2038,0.0160397894625785
"Absolute fuel consumption improvement","kWh/100km","BAU","Car","PHEV40","Electricity",2039,0.0109334164414412
"Absolute fuel consumption improvement","kWh/100km","BAU","Car","PHEV40","Electricity",2040,0.0126392651209889
"Absolute fuel consumption improvement","kWh/100km","BAU","Car","PHEV40","Electricity",2041,0.0196347149380006
"Absolute fuel consumption improvement","kWh/100km","BAU","Car","PHEV40","Electricity",2042,0.0254764863394851
"Absolute fuel consumption improvement","kWh/100km","BAU","Car","PHEV40","Electricity",2043,0.0359027331547762
"Absolute fuel consumption improvement","kWh/100km","BAU","Car","PHEV40","Electricity",2044,0.0445559487794723
"Absolute fuel consumption improvement","kWh/100km","BAU","Car","PHEV40","Electricity",2045,0.0258350217535172
"Absolute fuel consumption improvement","kWh/100km","BAU","Car","PHEV40","Electricity",2046,0.0276628514802003
"Absolute fuel consumption improvement","kWh/100km","BAU","Car","PHEV40","Electricity",2047,0.0227529204729904
"Absolute fuel consumption improvement","kWh/100km","BAU","Car","PHEV40","Electricity",2048,0.0242861838797662
"Absolute fuel consumption improvement","kWh/100km","BAU","Car","PHEV40","Electricity",2049,0.025889341187228
"Absolute fuel consumption improvement","kWh/100km","BAU","Car","PHEV40","Electricity",2050,0.0257485932700484
"Absolute fuel consumption improvement","L/100km","BAU","Light truck","PHEV40","E10",2016,0
"Absolute fuel consumption improvement","L/100km","BAU","Light truck","PHEV40","E10",2017,-0.0439325496566104
"Absolute fuel consumption improvement","L/100km","BAU","Light truck","PHEV40","E10",2018,-0.0880439630539655
"Absolute fuel consumption improvement","L/100km","BAU","Light truck","PHEV40","E10",2019,-0.235901319570771
"Absolute fuel consumption improvement","L/100km","BAU","Light truck","PHEV40","E10",2020,-0.285074858491125
"Absolute fuel consumption improvement","L/100km","BAU","Light truck","PHEV40","E10",2021,-0.18176466288654
"Absolute fuel consumption improvement","L/100km","BAU","Light truck","PHEV40","E10",2022,-0.139677206053657
"Absolute fuel consumption improvement","L/100km","BAU","Light truck","PHEV40","E10",2023,-0.147159435126941
"Absolute fuel consumption improvement","L/100km","BAU","Light truck","PHEV40","E10",2024,-0.136616645978217
"Absolute fuel consumption improvement","L/100km","BAU","Light truck","PHEV40","E10",2025,-0.183419813724476
"Absolute fuel consumption improvement","L/100km","BAU","Light truck","PHEV40","E10",2026,-0.135985832816379
"Absolute fuel consumption improvement","L/100km","BAU","Light truck","PHEV40","E10",2027,0.00366191913434766
"Absolute fuel consumption improvement","L/100km","BAU","Light truck","PHEV40","E10",2028,0.00921173367033568
"Absolute fuel consumption improvement","L/100km","BAU","Light truck","PHEV40","E10",2029,0.00593935517581585
"Absolute fuel consumption improvement","L/100km","BAU","Light truck","PHEV40","E10",2030,0.0062520069419049
"Absolute fuel consumption improvement","L/100km","BAU","Light truck","PHEV40","E10",2031,0.00283689242943625
"Absolute fuel consumption improvement","L/100km","BAU","Light truck","PHEV40","E10",2032,0.00865052874845771
"Absolute fuel consumption improvement","L/100km","BAU","Light truck","PHEV40","E10",2033,0.00605512895741226
"Absolute fuel consumption improvement","L/100km","BAU","Light truck","PHEV40","E10",2034,0.00548502134156602
"Absolute fuel consumption improvement","L/100km","BAU","Light truck","PHEV40","E10",2035,0.00697033459933255
"Absolute fuel consumption improvement","L/100km","BAU","Light truck","PHEV40","E10",2036,0.00630652152958406
"Absolute fuel consumption improvement","L/100km","BAU","Light truck","PHEV40","E10",2037,0.00236857655505809
"Absolute fuel consumption improvement","L/100km","BAU","Light truck","PHEV40","E10",2038,0.00756602580310561
"Absolute fuel consumption improvement","L/100km","BAU","Light truck","PHEV40","E10",2039,0.00515733146654066
"Absolute fuel consumption improvement","L/100km","BAU","Light truck","PHEV40","E10",2040,0.00596198636277626
"Absolute fuel consumption improvement","L/100km","BAU","Light truck","PHEV40","E10",2041,0.00926176495047676
"Absolute fuel consumption improvement","L/100km","BAU","Light truck","PHEV40","E10",2042,0.0120173493216179
"Absolute fuel consumption improvement","L/100km","BAU","Light truck","PHEV40","E10",2043,0.0169354470696016
"Absolute fuel consumption improvement","L/100km","BAU","Light truck","PHEV40","E10",2044,0.021017199691669
"Absolute fuel consumption improvement","L/100km","BAU","Light truck","PHEV40","E10",2045,0.0121864717530702
"Absolute fuel consumption improvement","L/100km","BAU","Light truck","PHEV40","E10",2046,0.013048665543583
"Absolute fuel consumption improvement","L/100km","BAU","Light truck","PHEV40","E10",2047,0.0107326336044676
"Absolute fuel consumption improvement","L/100km","BAU","Light truck","PHEV40","E10",2048,0.0114558794130045
"Absolute fuel consumption improvement","L/100km","BAU","Light truck","PHEV40","E10",2049,0.0122120944233693
"Absolute fuel consumption improvement","L/100km","BAU","Light truck","PHEV40","E10",2050,0.0121457031296682
"Absolute fuel consumption improvement","kWh/100km","BAU","Light truck","PHEV40","Electricity",2016,0
"Absolute fuel consumption improvement","kWh/100km","BAU","Light truck","PHEV40","Electricity",2017,-0.105191457800058
"Absolute fuel consumption improvement","kWh/100km","BAU","Light truck","PHEV40","Electricity",2018,-0.210811184338979
"Absolute fuel consumption improvement","kWh/100km","BAU","Light truck","PHEV40","Electricity",2019,-0.564838687865065
"Absolute fuel consumption improvement","kWh/100km","BAU","Light truck","PHEV40","Electricity",2020,-0.682579094116257
"Absolute fuel consumption improvement","kWh/100km","BAU","Light truck","PHEV40","Electricity",2021,-0.435214664639758
"Absolute fuel consumption improvement","kWh/100km","BAU","Light truck","PHEV40","Electricity",2022,-0.334441070255809
"Absolute fuel consumption improvement","kWh/100km","BAU","Light truck","PHEV40","Electricity",2023,-0.352356410703031
"Absolute fuel consumption improvement","kWh/100km","BAU","Light truck","PHEV40","Electricity",2024,-0.327112909733904
"Absolute fuel consumption improvement","kWh/100km","BAU","Light truck","PHEV40","Electricity",2025,-0.439177733728221
"Absolute fuel consumption improvement","kWh/100km","BAU","Light truck","PHEV40","Electricity",2026,-0.325602499875794
"Absolute fuel consumption improvement","kWh/100km","BAU","Light truck","PHEV40","Electricity",2027,0.00876804590443332
"Absolute fuel consumption improvement","kWh/100km","BAU","Light truck","PHEV40","Electricity",2028,0.0220564410948702
"Absolute fuel consumption improvement","kWh/100km","BAU","Light truck","PHEV40","Electricity",2029,0.014221105631696
"Absolute fuel consumption improvement","kWh/100km","BAU","Light truck","PHEV40","Electricity",2030,0.0149697144721966
"Absolute fuel consumption improvement","kWh/100km","BAU","Light truck","PHEV40","Electricity",2031,0.00679261396406216
"Absolute fuel consumption improvement","kWh/100km","BAU","Light truck","PHEV40","Electricity",2032,0.0207127001939132
"Absolute fuel consumption improvement","kWh/100km","BAU","Light truck","PHEV40","Electricity",2033,0.0144983126901605
"Absolute fuel consumption improvement","kWh/100km","BAU","Light truck","PHEV40","Electricity",2034,0.0131332553082756
"Absolute fuel consumption improvement","kWh/100km","BAU","Light truck","PHEV40","Electricity",2035,0.0166896677654502
"Absolute fuel consumption improvement","kWh/100km","BAU","Light truck","PHEV40","Electricity",2036,0.0151002434078983
"Absolute fuel consumption improvement","kWh/100km","BAU","Light truck","PHEV40","Electricity",2037,0.00567128524715865
"Absolute fuel consumption improvement","kWh/100km","BAU","Light truck","PHEV40","Electricity",2038,0.0181159821180963
"Absolute fuel consumption improvement","kWh/100km","BAU","Light truck","PHEV40","Electricity",2039,0.012348639438501
"Absolute fuel consumption improvement","kWh/100km","BAU","Light truck","PHEV40","Electricity",2040,0.0142752934165325
"Absolute fuel consumption improvement","kWh/100km","BAU","Light truck","PHEV40","Electricity",2041,0.0221762352642225
"Absolute fuel consumption improvement","kWh/100km","BAU","Light truck","PHEV40","Electricity",2042,0.0287741663963115
"Absolute fuel consumption improvement","kWh/100km","BAU","Light truck","PHEV40","Electricity",2043,0.0405499880992921
"Absolute fuel consumption improvement","kWh/100km","BAU","Light truck","PHEV40","Electricity",2044,0.0503232771992993
"Absolute fuel consumption improvement","kWh/100km","BAU","Light truck","PHEV40","Electricity",2045,0.0291791106859148
"Absolute fuel consumption improvement","kWh/100km","BAU","Light truck","PHEV40","Electricity",2046,0.0312435349553711
"Absolute fuel consumption improvement","kWh/100km","BAU","Light truck","PHEV40","Electricity",2047,0.0256980617722459
"Absolute fuel consumption improvement","kWh/100km","BAU","Light truck","PHEV40","Electricity",2048,0.0274297910149698
"Absolute fuel consumption improvement","kWh/100km","BAU","Light truck","PHEV40","Electricity",2049,0.0292404612349395
"Absolute fuel consumption improvement","kWh/100km","BAU","Light truck","PHEV40","Electricity",2050,0.0290814948871122
"Absolute fuel consumption improvement","L/100km","BAU","Car","FCV","Hydrogen",2016,0
"Absolute fuel consumption improvement","L/100km","BAU","Car","FCV","Hydrogen",2017,-0.0358642064096753
"Absolute fuel consumption improvement","L/100km","BAU","Car","FCV","Hydrogen",2018,-0.120113284057229
"Absolute fuel consumption improvement","L/100km","BAU","Car","FCV","Hydrogen",2019,-0.119058355642529
"Absolute fuel consumption improvement","L/100km","BAU","Car","FCV","Hydrogen",2020,-0.100714014324498
"Absolute fuel consumption improvement","L/100km","BAU","Car","FCV","Hydrogen",2021,-0.130773506666054
"Absolute fuel consumption improvement","L/100km","BAU","Car","FCV","Hydrogen",2022,-0.19202559655718
"Absolute fuel consumption improvement","L/100km","BAU","Car","FCV","Hydrogen",2023,-0.281074177505847
"Absolute fuel consumption improvement","L/100km","BAU","Car","FCV","Hydrogen",2024,-0.0763321762683351
"Absolute fuel consumption improvement","L/100km","BAU","Car","FCV","Hydrogen",2025,-0.2878464609532
"Absolute fuel consumption improvement","L/100km","BAU","Car","FCV","Hydrogen",2026,-0.000794300659008729
"Absolute fuel consumption improvement","L/100km","BAU","Car","FCV","Hydrogen",2027,0.000348106084797309
"Absolute fuel consumption improvement","L/100km","BAU","Car","FCV","Hydrogen",2028,0.000193957843115918
"Absolute fuel consumption improvement","L/100km","BAU","Car","FCV","Hydrogen",2029,6.67307080700833e-05
"Absolute fuel consumption improvement","L/100km","BAU","Car","FCV","Hydrogen",2030,3.21596071407111e-05
"Absolute fuel consumption improvement","L/100km","BAU","Car","FCV","Hydrogen",2031,7.97967693019174e-05
"Absolute fuel consumption improvement","L/100km","BAU","Car","FCV","Hydrogen",2032,0.000147938337798385
"Absolute fuel consumption improvement","L/100km","BAU","Car","FCV","Hydrogen",2033,0.00016563060399569
"Absolute fuel consumption improvement","L/100km","BAU","Car","FCV","Hydrogen",2034,0.000144327012982539
"Absolute fuel consumption improvement","L/100km","BAU","Car","FCV","Hydrogen",2035,9.64876607893192e-05
"Absolute fuel consumption improvement","L/100km","BAU","Car","FCV","Hydrogen",2036,7.51809731026476e-05
"Absolute fuel consumption improvement","L/100km","BAU","Car","FCV","Hydrogen",2037,6.43265627930549e-05
"Absolute fuel consumption improvement","L/100km","BAU","Car","FCV","Hydrogen",2038,5.5281187603022e-05
"Absolute fuel consumption improvement","L/100km","BAU","Car","FCV","Hydrogen",2039,1.38775110374891e-05
"Absolute fuel consumption improvement","L/100km","BAU","Car","FCV","Hydrogen",2040,4.60346818954183e-05
"Absolute fuel consumption improvement","L/100km","BAU","Car","FCV","Hydrogen",2041,2.97517380247352e-05
"Absolute fuel consumption improvement","L/100km","BAU","Car","FCV","Hydrogen",2042,1.54760441998743e-05
"Absolute fuel consumption improvement","L/100km","BAU","Car","FCV","Hydrogen",2043,2.59323865332835e-05
"Absolute fuel consumption improvement","L/100km","BAU","Car","FCV","Hydrogen",2044,2.53295467036171e-05
"Absolute fuel consumption improvement","L/100km","BAU","Car","FCV","Hydrogen",2045,7.64722834099257e-06
"Absolute fuel consumption improvement","L/100km","BAU","Car","FCV","Hydrogen",2046,9.24570276551575e-06
"Absolute fuel consumption improvement","L/100km","BAU","Car","FCV","Hydrogen",2047,8.04685345758204e-07
"Absolute fuel consumption improvement","L/100km","BAU","Car","FCV","Hydrogen",2048,2.41587258977351e-06
"Absolute fuel consumption improvement","L/100km","BAU","Car","FCV","Hydrogen",2049,-2.41587291108457e-06
"Absolute fuel consumption improvement","L/100km","BAU","Car","FCV","Hydrogen",2050,8.44647183642605e-06
"Absolute fuel consumption improvement","L/100km","BAU","Light truck","FCV","Hydrogen",2016,0
"Absolute fuel consumption improvement","L/100km","BAU","Light truck","FCV","Hydrogen",2017,-0.314528598483916
"Absolute fuel consumption improvement","L/100km","BAU","Light truck","FCV","Hydrogen",2018,-0.19100702844813
"Absolute fuel consumption improvement","L/100km","BAU","Light truck","FCV","Hydrogen",2019,-0.181997492352279
"Absolute fuel consumption improvement","L/100km","BAU","Light truck","FCV","Hydrogen",2020,-0.290319060346177
"Absolute fuel consumption improvement","L/100km","BAU","Light truck","FCV","Hydrogen",2021,-0.574081661293622
"Absolute fuel consumption improvement","L/100km","BAU","Light truck","FCV","Hydrogen",2022,-0.432258004867833
"Absolute fuel consumption improvement","L/100km","BAU","Light truck","FCV","Hydrogen",2023,-0.307554332726409
"Absolute fuel consumption improvement","L/100km","BAU","Light truck","FCV","Hydrogen",2024,-0.560039950466541
"Absolute fuel consumption improvement","L/100km","BAU","Light truck","FCV","Hydrogen",2025,-0.347065712538565
"Absolute fuel consumption improvement","L/100km","BAU","Light truck","FCV","Hydrogen",2026,-0.00147163026878631
"Absolute fuel consumption improvement","L/100km","BAU","Light truck","FCV","Hydrogen",2027,-0.00114875176698741
"Absolute fuel consumption improvement","L/100km","BAU","Light truck","FCV","Hydrogen",2028,-0.00195101189154646
"Absolute fuel consumption improvement","L/100km","BAU","Light truck","FCV","Hydrogen",2029,-0.0015620821338273
"Absolute fuel consumption improvement","L/100km","BAU","Light truck","FCV","Hydrogen",2030,-0.00223347635037308
"Absolute fuel consumption improvement","L/100km","BAU","Light truck","FCV","Hydrogen",2031,-0.00204814759389242
"Absolute fuel consumption improvement","L/100km","BAU","Light truck","FCV","Hydrogen",2032,-0.000822079717388758
"Absolute fuel consumption improvement","L/100km","BAU","Light truck","FCV","Hydrogen",2033,-0.000911492242918558
"Absolute fuel consumption improvement","L/100km","BAU","Light truck","FCV","Hydrogen",2034,-0.00124726976089374
"Absolute fuel consumption improvement","L/100km","BAU","Light truck","FCV","Hydrogen",2035,-0.000891577272299077
"Absolute fuel consumption improvement","L/100km","BAU","Light truck","FCV","Hydrogen",2036,-0.000709265371088922
"Absolute fuel consumption improvement","L/100km","BAU","Light truck","FCV","Hydrogen",2037,-0.000564625685809719
"Absolute fuel consumption improvement","L/100km","BAU","Light truck","FCV","Hydrogen",2038,-0.000712172674270657
"Absolute fuel consumption improvement","L/100km","BAU","Light truck","FCV","Hydrogen",2039,-0.000351041138073129
"Absolute fuel consumption improvement","L/100km","BAU","Light truck","FCV","Hydrogen",2040,-0.000847372466079256
"Absolute fuel consumption improvement","L/100km","BAU","Light truck","FCV","Hydrogen",2041,-0.000412114959531264
"Absolute fuel consumption improvement","L/100km","BAU","Light truck","FCV","Hydrogen",2042,-0.000369624671339419
"Absolute fuel consumption improvement","L/100km","BAU","Light truck","FCV","Hydrogen",2043,-0.000448974274820223
"Absolute fuel consumption improvement","L/100km","BAU","Light truck","FCV","Hydrogen",2044,-0.000484724497114498
"Absolute fuel consumption improvement","L/100km","BAU","Light truck","FCV","Hydrogen",2045,-6.96709488805445e-05
"Absolute fuel consumption improvement","L/100km","BAU","Light truck","FCV","Hydrogen",2046,-0.000669486958238652
"Absolute fuel consumption improvement","L/100km","BAU","Light truck","FCV","Hydrogen",2047,-0.000188881272987084
"Absolute fuel consumption improvement","L/100km","BAU","Light truck","FCV","Hydrogen",2048,-0.000115115566315244
"Absolute fuel consumption improvement","L/100km","BAU","Light truck","FCV","Hydrogen",2049,0
"Absolute fuel consumption improvement","L/100km","BAU","Light truck","FCV","Hydrogen",2050,0.00552556255698214
